lake,project_number,sample_number,station_number,station,latitude_decimal_degrees,longitude_decimal_degrees,sample_datetime,station_type_code,sample_matrix_code,sample_type_code,collection_code,qc_sample_flag,sample_comment,continental_river_basin_code,river_basin_code,river_sub_basin_code,aluminum_total_recoverable,calcium_dissolved_filtered,calcium_total_recoverable,copper_total,copper_total_recoverable,lead_total_recoverable,nickel_total,nickel_total_recoverable,nitrogen_dissolved_nitrite,nitrogen_dissolved_no3_no2,nitrogen_particulate_total,oxygen_dissolved_field_meter,oxygen_dissolved_winkler,ph_lab,phosphorus_total,phosphorus_total_dissolved,turbidity_ntu,vanadium_total,vanadium_total_recoverable
gregoire,ABS002,88AB003274,AB07CE0110,"GREGOIRE LAKE, PROFILE",56.45578,-111.15446,1988-08-18 10:30:00,1,0,1,,N,,MAC,ATH,07CE,,15.0,,0.002,,,0.003,,0.0025,0.023,0.18,,,7.5,,,5.3,0.001,
gregoire,ABS002,89AB003284,AB07CE0110,"GREGOIRE LAKE, PROFILE",56.45578,-111.15446,1989-09-13 12:30:00,1,0,1,122.0,N,,MAC,ATH,07CE,,,,,,,,,,,,9.6,,,,,,,
gregoire,ABS002,89AB003285,AB07CE0110,"GREGOIRE LAKE, PROFILE",56.45578,-111.15446,1989-09-13 12:31:00,1,0,1,122.0,N,,MAC,ATH,07CE,,,,,,,,,,,,9.5,,,,,,,
gregoire,ABS002,89AB003286,AB07CE0110,"GREGOIRE LAKE, PROFILE",56.45578,-111.15446,1989-09-13 12:32:00,1,0,1,122.0,N,,MAC,ATH,07CE,,,,,,,,,,,,9.4,,,,,,,
gregoire,ABS002,89AB003287,AB07CE0110,"GREGOIRE LAKE, PROFILE",56.45578,-111.15446,1989-09-13 12:33:00,1,0,1,122.0,N,,MAC,ATH,07CE,,,,,,,,,,,,9.2,,,,,,,
gregoire,ABS002,89AB003288,AB07CE0110,"GREGOIRE LAKE, PROFILE",56.45578,-111.15446,1989-09-13 12:34:00,1,0,1,122.0,N,,MAC,ATH,07CE,,,,,,,,,,,,8.9,,,,,,,
gregoire,ABS002,89AB003289,AB07CE0110,"GREGOIRE LAKE, PROFILE",56.45578,-111.15446,1989-09-13 12:35:00,1,0,1,122.0,N,,MAC,ATH,07CE,,,,,,,,,,,,9.44,,,,,,,
gregoire,ABS002,89AB003290,AB07CE0110,"GREGOIRE LAKE, PROFILE",56.45578,-111.15446,1989-09-13 12:36:00,1,0,1,122.0,N,,MAC,ATH,07CE,,,,,,,,,,,,8.6,,,,,,,
gregoire,ABS002,90AB001758,AB07CE0110,"GREGOIRE LAKE, PROFILE",56.45578,-111.15446,1990-03-16 11:31:00,1,0,1,,N,,MAC,ATH,07CE,,21.0,,,,,,,0.001,0.07,,11.0,11.38,7.28,0.0187,0.014,,,
gregoire,ABS002,90AB001759,AB07CE0110,"GREGOIRE LAKE, PROFILE",56.45578,-111.15446,1990-03-16 11:32:00,1,0,1,122.0,N,,MAC,ATH,07CE,,,,,,,,,,,,10.2,,,,,,,
gregoire,ABS002,90AB001760,AB07CE0110,"GREGOIRE LAKE, PROFILE",56.45578,-111.15446,1990-03-16 11:33:00,1,0,1,,N,,MAC,ATH,07CE,,20.0,,,,,,,0.001,0.09,,9.7,9.44,7.23,0.0143,0.0116,,,
gregoire,ABS002,90AB001761,AB07CE0110,"GREGOIRE LAKE, PROFILE",56.45578,-111.15446,1990-03-16 11:34:00,1,0,1,122.0,N,,MAC,ATH,07CE,,,,,,,,,,,,6.3,,,,,,,
gregoire,ABS002,90AB001762,AB07CE0110,"GREGOIRE LAKE, PROFILE",56.45578,-111.15446,1990-03-16 11:35:00,1,0,1,,N,,MAC,ATH,07CE,,21.0,,,,,,,0.001,0.138,,4.5,4.89,7.15,0.0169,0.0132,,,
gregoire,ABS002,90AB001763,AB07CE0110,"GREGOIRE LAKE, PROFILE",56.45578,-111.15446,1990-08-21 16:30:00,1,0,1,122.0,N,,MAC,ATH,07CE,,,,,,,,,,,,9.9,,,,,,,
gregoire,ABS002,90AB001764,AB07CE0110,"GREGOIRE LAKE, PROFILE",56.45578,-111.15446,1990-08-21 16:31:00,1,0,1,122.0,N,,MAC,ATH,07CE,,,,,,,,,,,,9.9,,,,,,,
gregoire,ABS002,90AB001765,AB07CE0110,"GREGOIRE LAKE, PROFILE",56.45578,-111.15446,1990-08-21 16:32:00,1,0,1,122.0,N,,MAC,ATH,07CE,,,,,,,,,,,,9.9,,,,,,,
gregoire,ABS002,90AB001766,AB07CE0110,"GREGOIRE LAKE, PROFILE",56.45578,-111.15446,1990-08-21 16:33:00,1,0,1,122.0,N,,MAC,ATH,07CE,,,,,,,,,,,,9.2,,,,,,,
gregoire,ABS002,90AB001767,AB07CE0110,"GREGOIRE LAKE, PROFILE",56.45578,-111.15446,1990-08-21 16:34:00,1,0,1,122.0,N,,MAC,ATH,07CE,,,,,,,,,,,,8.0,,,,,,,
gregoire,ABS002,91AB002492,AB07CE0110,"GREGOIRE LAKE, PROFILE",56.45578,-111.15446,1991-01-23 15:01:00,1,0,1,,N,,MAC,ATH,07CE,,28.0,,,,,,,0.007,0.027,,12.34,,8.23,0.0127,,,,
gregoire,ABS002,91AB002493,AB07CE0110,"GREGOIRE LAKE, PROFILE",56.45578,-111.15446,1991-01-23 15:02:00,1,0,1,122.0,N,,MAC,ATH,07CE,,,,,,,,,,,,11.6,,,,,,,
gregoire,ABS002,91AB002494,AB07CE0110,"GREGOIRE LAKE, PROFILE",56.45578,-111.15446,1991-01-23 15:03:00,1,0,1,,N,,MAC,ATH,07CE,,19.0,,,,,,,0.001,0.078,,11.29,,7.04,0.0128,,,,
gregoire,ABS002,91AB002495,AB07CE0110,"GREGOIRE LAKE, PROFILE",56.45578,-111.15446,1991-01-23 15:04:00,1,0,1,122.0,N,,MAC,ATH,07CE,,,,,,,,,,,,8.69,,,,,,,
gregoire,ABS002,91AB002496,AB07CE0110,"GREGOIRE LAKE, PROFILE",56.45578,-111.15446,1991-01-23 15:05:00,1,0,1,,N,,MAC,ATH,07CE,,20.0,,,,,,,0.001,0.193,,6.66,,7.03,0.0162,,,,
gregoire,ABS002,91AB002497,AB07CE0110,"GREGOIRE LAKE, PROFILE",56.45578,-111.15446,1991-08-15 16:30:00,1,0,1,122.0,N,,MAC,ATH,07CE,,,,,,,,,,,,9.6,,,,,,,
gregoire,ABS002,91AB002498,AB07CE0110,"GREGOIRE LAKE, PROFILE",56.45578,-111.15446,1991-08-15 16:31:00,1,0,1,122.0,N,,MAC,ATH,07CE,,,,,,,,,,,,9.4,,,,,,,
gregoire,ABS002,91AB002499,AB07CE0110,"GREGOIRE LAKE, PROFILE",56.45578,-111.15446,1991-08-15 16:32:00,1,0,1,122.0,N,,MAC,ATH,07CE,,,,,,,,,,,,9.3,,,,,,,
gregoire,ABS002,91AB002500,AB07CE0110,"GREGOIRE LAKE, PROFILE",56.45578,-111.15446,1991-08-15 16:33:00,1,0,1,122.0,N,,MAC,ATH,07CE,,,,,,,,,,,,9.3,,,,,,,
gregoire,ABS002,91AB002501,AB07CE0110,"GREGOIRE LAKE, PROFILE",56.45578,-111.15446,1991-08-15 16:34:00,1,0,1,122.0,N,,MAC,ATH,07CE,,,,,,,,,,,,9.0,,,,,,,
gregoire,ABS002,91AB002502,AB07CE0110,"GREGOIRE LAKE, PROFILE",56.45578,-111.15446,1991-08-15 16:35:00,1,0,1,122.0,N,,MAC,ATH,07CE,,,,,,,,,,,,2.9,,,,,,,
gregoire,ABS002,91AB002503,AB07CE0110,"GREGOIRE LAKE, PROFILE",56.45578,-111.15446,1991-08-15 16:36:00,1,0,1,122.0,N,,MAC,ATH,07CE,,,,,,,,,,,,0.4,,,,,,,
gregoire,ABS002,92AB002672,AB07CE0110,"GREGOIRE LAKE, PROFILE",56.45578,-111.15446,1992-08-12 16:40:00,1,0,1,122.0,N,,MAC,ATH,07CE,,,,,,,,,,,,8.74,,,,,,,
gregoire,ABS002,92AB002673,AB07CE0110,"GREGOIRE LAKE, PROFILE",56.45578,-111.15446,1992-08-12 16:41:00,1,0,1,122.0,N,,MAC,ATH,07CE,,,,,,,,,,,,8.73,,,,,,,
gregoire,ABS002,92AB002674,AB07CE0110,"GREGOIRE LAKE, PROFILE",56.45578,-111.15446,1992-08-12 16:42:00,1,0,1,122.0,N,,MAC,ATH,07CE,,,,,,,,,,,,8.95,,,,,,,
gregoire,ABS002,92AB002675,AB07CE0110,"GREGOIRE LAKE, PROFILE",56.45578,-111.15446,1992-08-12 16:43:00,1,0,1,122.0,N,,MAC,ATH,07CE,,,,,,,,,,,,8.69,,,,,,,
gregoire,ABS002,92AB002676,AB07CE0110,"GREGOIRE LAKE, PROFILE",56.45578,-111.15446,1992-08-12 16:44:00,1,0,1,122.0,N,,MAC,ATH,07CE,,,,,,,,,,,,8.14,,,,,,,
gregoire,ABS002,92AB002677,AB07CE0110,"GREGOIRE LAKE, PROFILE",56.45578,-111.15446,1992-08-12 16:45:00,1,0,1,122.0,N,,MAC,ATH,07CE,,,,,,,,,,,,7.69,,,,,,,
gregoire,ABS002,93AB002994,AB07CE0110,"GREGOIRE LAKE, PROFILE",56.45578,-111.15446,1993-07-14 11:00:00,1,0,1,122.0,N,VMV code 100924 Specific Conductance (Field) was changed due to a suspected transcription error.  The value was divided by ten.  The decision to do this was based on historical data from 1973 to 2008 in which the conductivity was consistently ten times lower than the data in this profile.  28-Jun-12 Lisa Reinbolt,MAC,ATH,07CE,,,,,,,,,,,,9.82,,,,,,,
gregoire,ABS002,93AB002995,AB07CE0110,"GREGOIRE LAKE, PROFILE",56.45578,-111.15446,1993-07-14 11:01:00,1,0,1,122.0,N,VMV code 100924 Specific Conductance (Field) was changed due to a suspected transcription error.  The value was divided by ten.  The decision to do this was based on historical data from 1973 to 2008 in which the conductivity was consistently ten times lower than the data in this profile.  28-Jun-12 Lisa Reinbolt,MAC,ATH,07CE,,,,,,,,,,,,9.66,,,,,,,
gregoire,ABS002,93AB002996,AB07CE0110,"GREGOIRE LAKE, PROFILE",56.45578,-111.15446,1993-07-14 11:02:00,1,0,1,122.0,N,VMV code 100924 Specific Conductance (Field) was changed due to a suspected transcription error.  The value was divided by ten.  The decision to do this was based on historical data from 1973 to 2008 in which the conductivity was consistently ten times lower than the data in this profile.  28-Jun-12 Lisa Reinbolt,MAC,ATH,07CE,,,,,,,,,,,,9.65,,,,,,,
gregoire,ABS002,93AB002997,AB07CE0110,"GREGOIRE LAKE, PROFILE",56.45578,-111.15446,1993-07-14 11:03:00,1,0,1,122.0,N,VMV code 100924 Specific Conductance (Field) was changed due to a suspected transcription error.  The value was divided by ten.  The decision to do this was based on historical data from 1973 to 2008 in which the conductivity was consistently ten times lower than the data in this profile.  28-Jun-12 Lisa Reinbolt,MAC,ATH,07CE,,,,,,,,,,,,9.61,,,,,,,
gregoire,ABS002,93AB002998,AB07CE0110,"GREGOIRE LAKE, PROFILE",56.45578,-111.15446,1993-07-14 11:04:00,1,0,1,122.0,N,VMV code 100924 Specific Conductance (Field) was changed due to a suspected transcription error.  The value was divided by ten.  The decision to do this was based on historical data from 1973 to 2008 in which the conductivity was consistently ten times lower than the data in this profile.  28-Jun-12 Lisa Reinbolt,MAC,ATH,07CE,,,,,,,,,,,,9.5,,,,,,,
gregoire,ABS002,93AB002999,AB07CE0110,"GREGOIRE LAKE, PROFILE",56.45578,-111.15446,1993-07-14 11:05:00,1,0,1,122.0,N,VMV code 100924 Specific Conductance (Field) was changed due to a suspected transcription error.  The value was divided by ten.  The decision to do this was based on historical data from 1973 to 2008 in which the conductivity was consistently ten times lower than the data in this profile.  28-Jun-12 Lisa Reinbolt,MAC,ATH,07CE,,,,,,,,,,,,9.06,,,,,,,
gregoire,ABS002,93AB003000,AB07CE0110,"GREGOIRE LAKE, PROFILE",56.45578,-111.15446,1993-07-14 11:06:00,1,0,1,122.0,N,VMV code 100924 Specific Conductance (Field) was changed due to a suspected transcription error.  The value was divided by ten.  The decision to do this was based on historical data from 1973 to 2008 in which the conductivity was consistently ten times lower than the data in this profile.  28-Jun-12 Lisa Reinbolt,MAC,ATH,07CE,,,,,,,,,,,,8.96,,,,,,,
gregoire,ABS002,93AB003001,AB07CE0110,"GREGOIRE LAKE, PROFILE",56.45578,-111.15446,1993-07-14 11:07:00,1,0,1,122.0,N,VMV code 100924 Specific Conductance (Field) was changed due to a suspected transcription error.  The value was divided by ten.  The decision to do this was based on historical data from 1973 to 2008 in which the conductivity was consistently ten times lower than the data in this profile.  28-Jun-12 Lisa Reinbolt,MAC,ATH,07CE,,,,,,,,,,,,8.06,,,,,,,
gregoire,ABS002,94AB001062,AB07CE0110,"GREGOIRE LAKE, PROFILE",56.45578,-111.15446,1994-03-11 09:45:00,1,0,1,,N,,MAC,ATH,07CE,,21.0,,,,,,,0.001,0.056,,12.1,,7.56,0.0165,0.0134,,,
gregoire,ABS002,94AB001063,AB07CE0110,"GREGOIRE LAKE, PROFILE",56.45578,-111.15446,1994-03-11 09:46:00,1,0,1,122.0,N,,MAC,ATH,07CE,,,,,,,,,,,,10.85,,,,,,,
gregoire,ABS002,94AB001064,AB07CE0110,"GREGOIRE LAKE, PROFILE",56.45578,-111.15446,1994-03-11 09:47:00,1,0,1,,N,,MAC,ATH,07CE,,20.0,,,,,,,0.001,0.071,,10.32,,7.44,0.015,0.0131,,,
gregoire,ABS002,94AB001065,AB07CE0110,"GREGOIRE LAKE, PROFILE",56.45578,-111.15446,1994-03-11 09:48:00,1,0,1,122.0,N,,MAC,ATH,07CE,,,,,,,,,,,,8.77,,,,,,,
gregoire,ABS002,94AB001066,AB07CE0110,"GREGOIRE LAKE, PROFILE",56.45578,-111.15446,1994-03-11 09:49:00,1,0,1,,N,,MAC,ATH,07CE,,21.0,,,,,,,0.002,0.191,,4.63,,7.18,0.0176,0.0149,,,
gregoire,ABS002,94AB001067,AB07CE0110,"GREGOIRE LAKE, PROFILE",56.45578,-111.15446,1994-03-11 09:50:00,1,0,1,122.0,N,,MAC,ATH,07CE,,,,,,,,,,,,1.8,,,,,,,
gregoire,ABS019,96SWE02508,AB07CE0110,"GREGOIRE LAKE, PROFILE",56.45578,-111.15446,1996-08-01 10:45:00,1,0,1,122.0,N,,MAC,ATH,07CE,,,,,,,,,,,,7.89,,,,,,,
gregoire,ABS019,96SWE02510,AB07CE0110,"GREGOIRE LAKE, PROFILE",56.45578,-111.15446,1996-08-01 10:47:00,1,0,1,122.0,N,,MAC,ATH,07CE,,,,,,,,,,,,7.86,,,,,,,
gregoire,ABS019,96SWE02512,AB07CE0110,"GREGOIRE LAKE, PROFILE",56.45578,-111.15446,1996-08-01 10:49:00,1,0,1,122.0,N,,MAC,ATH,07CE,,,,,,,,,,,,7.84,,,,,,,
gregoire,ABS019,96SWE02514,AB07CE0110,"GREGOIRE LAKE, PROFILE",56.45578,-111.15446,1996-08-01 10:51:00,1,0,1,122.0,N,,MAC,ATH,07CE,,,,,,,,,,,,7.85,,,,,,,
gregoire,ABS019,96SWE02516,AB07CE0110,"GREGOIRE LAKE, PROFILE",56.45578,-111.15446,1996-08-01 10:53:00,1,0,1,122.0,N,,MAC,ATH,07CE,,,,,,,,,,,,7.79,,,,,,,
gregoire,ABS019,96SWE02517,AB07CE0110,"GREGOIRE LAKE, PROFILE",56.45578,-111.15446,1996-08-01 10:54:00,1,0,1,122.0,N,,MAC,ATH,07CE,,,,,,,,,,,,7.76,,,,,,,
gregoire,ABS019,97SWE00263,AB07CE0110,"GREGOIRE LAKE, PROFILE",56.45578,-111.15446,1997-02-27 13:00:00,1,0,1,,N,Lake Profile data from :lk064.xls.  VMV code 100924 Specific Conductance (Field) was changed due to a suspected transcription error.  The value was divided by ten.  The decision to do this was based on historical data from 1973 to 2008 in which the conductivity was consistently ten times lower than the data in this profile.  Three lab conductivities on some of these samples also confirm that a transcription error most likely occurred.  28-Jun-12 Lisa Reinbolt,MAC,ATH,07CE,,18.0,,,,,,,,0.059,,11.8,,7.05,0.022,,,,
gregoire,ABS019,97SWE00264,AB07CE0110,"GREGOIRE LAKE, PROFILE",56.45578,-111.15446,1997-02-27 13:03:00,1,0,1,122.0,N,VMV code 100924 Specific Conductance (Field) was changed due to a suspected transcription error.  The value was divided by ten.  The decision to do this was based on historical data from 1973 to 2008 in which the conductivity was consistently ten times lower than the data in this profile.  Three lab conductivities on some of these samples also confirm that a transcription error most likely occurred.  28-Jun-12 Lisa Reinbolt,MAC,ATH,07CE,,,,,,,,,,,,11.96,,,,,,,
gregoire,ABS019,97SWE00265,AB07CE0110,"GREGOIRE LAKE, PROFILE",56.45578,-111.15446,1997-02-27 13:05:00,1,0,1,,N,VMV code 100924 Specific Conductance (Field) was changed due to a suspected transcription error.  The value was divided by ten.  The decision to do this was based on historical data from 1973 to 2008 in which the conductivity was consistently ten times lower than the data in this profile.  Three lab conductivities on some of these samples also confirm that a transcription error most likely occurred.  28-Jun-12 Lisa Reinbolt,MAC,ATH,07CE,,17.2,,,,,,,,0.023,,11.1,,6.98,0.0177,,,,
gregoire,ABS019,97SWE00266,AB07CE0110,"GREGOIRE LAKE, PROFILE",56.45578,-111.15446,1997-02-27 13:07:00,1,0,1,122.0,N,VMV code 100924 Specific Conductance (Field) was changed due to a suspected transcription error.  The value was divided by ten.  The decision to do this was based on historical data from 1973 to 2008 in which the conductivity was consistently ten times lower than the data in this profile.  Three lab conductivities on some of these samples also confirm that a transcription error most likely occurred.  28-Jun-12 Lisa Reinbolt,MAC,ATH,07CE,,,,,,,,,,,,8.53,,,,,,,
gregoire,ABS019,97SWE00267,AB07CE0110,"GREGOIRE LAKE, PROFILE",56.45578,-111.15446,1997-02-27 13:10:00,1,0,1,,N,VMV code 100924 Specific Conductance (Field) was changed due to a suspected transcription error.  The value was divided by ten.  The decision to do this was based on historical data from 1973 to 2008 in which the conductivity was consistently ten times lower than the data in this profile.  Three lab conductivities on some of these samples also confirm that a transcription error most likely occurred.  28-Jun-12 Lisa Reinbolt,MAC,ATH,07CE,,,,,,,,,,0.122,,5.47,,,0.0209,,,,
gregoire,ABS019,97SWE00268,AB07CE0110,"GREGOIRE LAKE, PROFILE",56.45578,-111.15446,1997-02-27 13:13:00,1,0,1,122.0,N,VMV code 100924 Specific Conductance (Field) was changed due to a suspected transcription error.  The value was divided by ten.  The decision to do this was based on historical data from 1973 to 2008 in which the conductivity was consistently ten times lower than the data in this profile.  Three lab conductivities on some of these samples also confirm that a transcription error most likely occurred.  28-Jun-12 Lisa Reinbolt,MAC,ATH,07CE,,,,,,,,,,,,2.87,,,,,,,
gregoire,ABS019,97SWE00269,AB07CE0110,"GREGOIRE LAKE, PROFILE",56.45578,-111.15446,1997-02-27 13:15:00,1,0,1,,N,VMV code 100924 Specific Conductance (Field) was changed due to a suspected transcription error.  The value was divided by ten.  The decision to do this was based on historical data from 1973 to 2008 in which the conductivity was consistently ten times lower than the data in this profile.  Three lab conductivities on some of these samples also confirm that a transcription error most likely occurred.  28-Jun-12 Lisa Reinbolt,MAC,ATH,07CE,,18.2,,,,,,,,0.215,,0.77,,6.77,0.0276,,,,
gregoire,ABS019,97SWE02811,AB07CE0110,"GREGOIRE LAKE, PROFILE",56.45578,-111.15446,1997-08-20 09:55:17,1,0,1,122.0,N,VMV code 100924 Specific Conductance (Field) was changed due to a suspected transcription error.  The value was divided by ten.  The decision to do this was based on historical data from 1973 to 2008 in which the conductivity was consistently ten times lower than the data in this profile.  28-Jun-12 Lisa Reinbolt,MAC,ATH,07CE,,,,,,,,,,,,8.73,,,,,,,
gregoire,ABS019,97SWE02813,AB07CE0110,"GREGOIRE LAKE, PROFILE",56.45578,-111.15446,1997-08-20 09:56:32,1,0,1,122.0,N,VMV code 100924 Specific Conductance (Field) was changed due to a suspected transcription error.  The value was divided by ten.  The decision to do this was based on historical data from 1973 to 2008 in which the conductivity was consistently ten times lower than the data in this profile.  28-Jun-12 Lisa Reinbolt,MAC,ATH,07CE,,,,,,,,,,,,8.69,,,,,,,
gregoire,ABS019,97SWE02815,AB07CE0110,"GREGOIRE LAKE, PROFILE",56.45578,-111.15446,1997-08-20 09:57:33,1,0,1,122.0,N,VMV code 100924 Specific Conductance (Field) was changed due to a suspected transcription error.  The value was divided by ten.  The decision to do this was based on historical data from 1973 to 2008 in which the conductivity was consistently ten times lower than the data in this profile.  28-Jun-12 Lisa Reinbolt,MAC,ATH,07CE,,,,,,,,,,,,8.58,,,,,,,
gregoire,ABS019,97SWE02817,AB07CE0110,"GREGOIRE LAKE, PROFILE",56.45578,-111.15446,1997-08-20 10:00:00,1,0,1,122.0,N,VMV code 100924 Specific Conductance (Field) was changed due to a suspected transcription error.  The value was divided by ten.  The decision to do this was based on historical data from 1973 to 2008 in which the conductivity was consistently ten times lower than the data in this profile.  28-Jun-12 Lisa Reinbolt,MAC,ATH,07CE,,,,,,,,,,,,8.5,,,,,,,
gregoire,ABS019,97SWE02819,AB07CE0110,"GREGOIRE LAKE, PROFILE",56.45578,-111.15446,1997-08-20 10:03:56,1,0,1,122.0,N,VMV code 100924 Specific Conductance (Field) was changed due to a suspected transcription error.  The value was divided by ten.  The decision to do this was based on historical data from 1973 to 2008 in which the conductivity was consistently ten times lower than the data in this profile.  28-Jun-12 Lisa Reinbolt,MAC,ATH,07CE,,,,,,,,,,,,8.44,,,,,,,
gregoire,ABS019,97SWE02820,AB07CE0110,"GREGOIRE LAKE, PROFILE",56.45578,-111.15446,1997-08-20 10:05:33,1,0,1,122.0,N,VMV code 100924 Specific Conductance (Field) was changed due to a suspected transcription error.  The value was divided by ten.  The decision to do this was based on historical data from 1973 to 2008 in which the conductivity was consistently ten times lower than the data in this profile.  28-Jun-12 Lisa Reinbolt,MAC,ATH,07CE,,,,,,,,,,,,8.51,,,,,,,
gregoire,ABS019,97SWE02821,AB07CE0110,"GREGOIRE LAKE, PROFILE",56.45578,-111.15446,1997-08-20 10:06:38,1,0,1,122.0,N,VMV code 100924 Specific Conductance (Field) was changed due to a suspected transcription error.  The value was divided by ten.  The decision to do this was based on historical data from 1973 to 2008 in which the conductivity was consistently ten times lower than the data in this profile.  28-Jun-12 Lisa Reinbolt,MAC,ATH,07CE,,,,,,,,,,,,8.12,,,,,,,
gregoire,ABS019,97SWE02822,AB07CE0110,"GREGOIRE LAKE, PROFILE",56.45578,-111.15446,1997-08-20 10:09:36,1,0,1,122.0,N,VMV code 100924 Specific Conductance (Field) was changed due to a suspected transcription error.  The value was divided by ten.  The decision to do this was based on historical data from 1973 to 2008 in which the conductivity was consistently ten times lower than the data in this profile.  28-Jun-12 Lisa Reinbolt,MAC,ATH,07CE,,,,,,,,,,,,5.78,,,,,,,
gregoire,ABS019,00SWE03778,AB07CE0110,"GREGOIRE LAKE, PROFILE",56.45578,-111.15446,2000-08-23 13:33:00,1,0,1,122.0,N,,MAC,ATH,07CE,,,,,,,,,,,,9.68,,,,,,,
gregoire,ABS019,00SWE03780,AB07CE0110,"GREGOIRE LAKE, PROFILE",56.45578,-111.15446,2000-08-23 13:35:00,1,0,1,122.0,N,,MAC,ATH,07CE,,,,,,,,,,,,9.68,,,,,,,
gregoire,ABS019,00SWE03782,AB07CE0110,"GREGOIRE LAKE, PROFILE",56.45578,-111.15446,2000-08-23 13:37:00,1,0,1,122.0,N,,MAC,ATH,07CE,,,,,,,,,,,,9.57,,,,,,,
gregoire,ABS019,00SWE03784,AB07CE0110,"GREGOIRE LAKE, PROFILE",56.45578,-111.15446,2000-08-23 13:39:00,1,0,1,122.0,N,,MAC,ATH,07CE,,,,,,,,,,,,9.47,,,,,,,
gregoire,ABS019,00SWE03785,AB07CE0110,"GREGOIRE LAKE, PROFILE",56.45578,-111.15446,2000-08-23 13:40:00,1,0,1,122.0,N,,MAC,ATH,07CE,,,,,,,,,,,,9.37,,,,,,,
gregoire,ABS019,00SWE03786,AB07CE0110,"GREGOIRE LAKE, PROFILE",56.45578,-111.15446,2000-08-23 13:41:00,1,0,1,122.0,N,,MAC,ATH,07CE,,,,,,,,,,,,9.18,,,,,,,
gregoire,ABS019,04SWE01066,AB07CE0110,"GREGOIRE LAKE, PROFILE",56.45578,-111.15446,2004-06-22 08:25:00,1,0,1,122.0,N,Lake Profile data from :Parks Field Data 2004.csv,MAC,ATH,07CE,,,,,,,,,,,,9.42,,,,,,,
gregoire,ABS019,04SWE01067,AB07CE0110,"GREGOIRE LAKE, PROFILE",56.45578,-111.15446,2004-06-22 08:26:00,1,0,1,122.0,N,,MAC,ATH,07CE,,,,,,,,,,,,9.41,,,,,,,
gregoire,ABS019,04SWE01068,AB07CE0110,"GREGOIRE LAKE, PROFILE",56.45578,-111.15446,2004-06-22 08:27:00,1,0,1,122.0,N,,MAC,ATH,07CE,,,,,,,,,,,,9.39,,,,,,,
gregoire,ABS019,04SWE01069,AB07CE0110,"GREGOIRE LAKE, PROFILE",56.45578,-111.15446,2004-06-22 08:28:00,1,0,1,122.0,N,,MAC,ATH,07CE,,,,,,,,,,,,9.4,,,,,,,
gregoire,ABS019,04SWE01070,AB07CE0110,"GREGOIRE LAKE, PROFILE",56.45578,-111.15446,2004-06-22 08:29:00,1,0,1,122.0,N,,MAC,ATH,07CE,,,,,,,,,,,,9.39,,,,,,,
gregoire,ABS019,04SWE01071,AB07CE0110,"GREGOIRE LAKE, PROFILE",56.45578,-111.15446,2004-06-22 08:30:00,1,0,1,122.0,N,,MAC,ATH,07CE,,,,,,,,,,,,9.37,,,,,,,
gregoire,ABS019,04SWE01072,AB07CE0110,"GREGOIRE LAKE, PROFILE",56.45578,-111.15446,2004-06-22 08:31:00,1,0,1,122.0,N,,MAC,ATH,07CE,,,,,,,,,,,,9.22,,,,,,,
gregoire,ABS019,04SWE02020,AB07CE0110,"GREGOIRE LAKE, PROFILE",56.45578,-111.15446,2004-08-18 09:02:00,1,0,1,122.0,N,Lake Profile data from :Parks Field Data 2004.csv,MAC,ATH,07CE,,,,,,,,,,,,7.62,,,,,,,
gregoire,ABS019,04SWE02021,AB07CE0110,"GREGOIRE LAKE, PROFILE",56.45578,-111.15446,2004-08-18 09:04:00,1,0,1,122.0,N,,MAC,ATH,07CE,,,,,,,,,,,,7.58,,,,,,,
gregoire,ABS019,04SWE02022,AB07CE0110,"GREGOIRE LAKE, PROFILE",56.45578,-111.15446,2004-08-18 09:06:00,1,0,1,122.0,N,,MAC,ATH,07CE,,,,,,,,,,,,7.56,,,,,,,
gregoire,ABS019,04SWE02023,AB07CE0110,"GREGOIRE LAKE, PROFILE",56.45578,-111.15446,2004-08-18 09:08:00,1,0,1,122.0,N,,MAC,ATH,07CE,,,,,,,,,,,,7.49,,,,,,,
gregoire,ABS019,04SWE02024,AB07CE0110,"GREGOIRE LAKE, PROFILE",56.45578,-111.15446,2004-08-18 09:10:00,1,0,1,122.0,N,,MAC,ATH,07CE,,,,,,,,,,,,7.51,,,,,,,
gregoire,ABS019,04SWE02025,AB07CE0110,"GREGOIRE LAKE, PROFILE",56.45578,-111.15446,2004-08-18 09:12:00,1,0,1,122.0,N,,MAC,ATH,07CE,,,,,,,,,,,,7.53,,,,,,,
gregoire,ABS019,04SWE02026,AB07CE0110,"GREGOIRE LAKE, PROFILE",56.45578,-111.15446,2004-08-18 09:14:00,1,0,1,122.0,N,,MAC,ATH,07CE,,,,,,,,,,,,7.49,,,,,,,
gregoire,ABS019,04SWE02027,AB07CE0110,"GREGOIRE LAKE, PROFILE",56.45578,-111.15446,2004-08-18 09:16:00,1,0,1,122.0,N,,MAC,ATH,07CE,,,,,,,,,,,,7.42,,,,,,,
gregoire,ABS019,06SWE10219,AB07CE0110,"GREGOIRE LAKE, PROFILE",56.45578,-111.15446,2006-06-30 06:22:56,1,0,1,122.0,N,,MAC,ATH,07CE,,,,,,,,,,,,8.8,,,,,,,
gregoire,ABS019,06SWE10220,AB07CE0110,"GREGOIRE LAKE, PROFILE",56.45578,-111.15446,2006-06-30 06:23:42,1,0,1,122.0,N,,MAC,ATH,07CE,,,,,,,,,,,,8.77,,,,,,,
gregoire,ABS019,06SWE10221,AB07CE0110,"GREGOIRE LAKE, PROFILE",56.45578,-111.15446,2006-06-30 06:24:46,1,0,1,122.0,N,,MAC,ATH,07CE,,,,,,,,,,,,8.71,,,,,,,
gregoire,ABS019,06SWE10222,AB07CE0110,"GREGOIRE LAKE, PROFILE",56.45578,-111.15446,2006-06-30 06:25:37,1,0,1,122.0,N,,MAC,ATH,07CE,,,,,,,,,,,,8.69,,,,,,,
gregoire,ABS019,06SWE10223,AB07CE0110,"GREGOIRE LAKE, PROFILE",56.45578,-111.15446,2006-06-30 06:26:22,1,0,1,122.0,N,,MAC,ATH,07CE,,,,,,,,,,,,8.7,,,,,,,
gregoire,ABS019,06SWE10224,AB07CE0110,"GREGOIRE LAKE, PROFILE",56.45578,-111.15446,2006-06-30 06:27:13,1,0,1,122.0,N,,MAC,ATH,07CE,,,,,,,,,,,,8.67,,,,,,,
gregoire,ABS019,06SWE10225,AB07CE0110,"GREGOIRE LAKE, PROFILE",56.45578,-111.15446,2006-06-30 06:29:00,1,0,1,122.0,N,,MAC,ATH,07CE,,,,,,,,,,,,8.57,,,,,,,
gregoire,ABS019,06SWE08390,AB07CE0110,"GREGOIRE LAKE, PROFILE",56.45578,-111.15446,2006-07-25 07:22:29,1,0,1,122.0,N,,MAC,ATH,07CE,,,,,,,,,,,,7.65,,,,,,,
gregoire,ABS019,06SWE08391,AB07CE0110,"GREGOIRE LAKE, PROFILE",56.45578,-111.15446,2006-07-25 07:23:28,1,0,1,122.0,N,,MAC,ATH,07CE,,,,,,,,,,,,7.63,,,,,,,
gregoire,ABS019,06SWE08392,AB07CE0110,"GREGOIRE LAKE, PROFILE",56.45578,-111.15446,2006-07-25 07:24:26,1,0,1,122.0,N,,MAC,ATH,07CE,,,,,,,,,,,,7.59,,,,,,,
gregoire,ABS019,06SWE08393,AB07CE0110,"GREGOIRE LAKE, PROFILE",56.45578,-111.15446,2006-07-25 07:25:15,1,0,1,122.0,N,,MAC,ATH,07CE,,,,,,,,,,,,7.4,,,,,,,
gregoire,ABS019,06SWE08394,AB07CE0110,"GREGOIRE LAKE, PROFILE",56.45578,-111.15446,2006-07-25 07:26:05,1,0,1,122.0,N,,MAC,ATH,07CE,,,,,,,,,,,,7.03,,,,,,,
gregoire,ABS019,06SWE08395,AB07CE0110,"GREGOIRE LAKE, PROFILE",56.45578,-111.15446,2006-07-25 07:26:51,1,0,1,122.0,N,,MAC,ATH,07CE,,,,,,,,,,,,6.28,,,,,,,
gregoire,ABS019,06SWE08396,AB07CE0110,"GREGOIRE LAKE, PROFILE",56.45578,-111.15446,2006-07-25 07:27:49,1,0,1,122.0,N,,MAC,ATH,07CE,,,,,,,,,,,,5.04,,,,,,,
gregoire,ABS019,06SWE08397,AB07CE0110,"GREGOIRE LAKE, PROFILE",56.45578,-111.15446,2006-07-25 07:28:37,1,0,1,122.0,N,,MAC,ATH,07CE,,,,,,,,,,,,3.93,,,,,,,
gregoire,ABS019,06SWE08640,AB07CE0110,"GREGOIRE LAKE, PROFILE",56.45578,-111.15446,2006-08-11 12:17:06,1,0,1,122.0,N,,MAC,ATH,07CE,,,,,,,,,,,,8.32,,,,,,,
gregoire,ABS019,06SWE08641,AB07CE0110,"GREGOIRE LAKE, PROFILE",56.45578,-111.15446,2006-08-11 12:17:37,1,0,1,122.0,N,,MAC,ATH,07CE,,,,,,,,,,,,8.29,,,,,,,
gregoire,ABS019,06SWE08642,AB07CE0110,"GREGOIRE LAKE, PROFILE",56.45578,-111.15446,2006-08-11 12:18:10,1,0,1,122.0,N,,MAC,ATH,07CE,,,,,,,,,,,,8.28,,,,,,,
gregoire,ABS019,06SWE08643,AB07CE0110,"GREGOIRE LAKE, PROFILE",56.45578,-111.15446,2006-08-11 12:18:46,1,0,1,122.0,N,,MAC,ATH,07CE,,,,,,,,,,,,8.25,,,,,,,
gregoire,ABS019,06SWE08644,AB07CE0110,"GREGOIRE LAKE, PROFILE",56.45578,-111.15446,2006-08-11 12:19:30,1,0,1,122.0,N,,MAC,ATH,07CE,,,,,,,,,,,,8.24,,,,,,,
gregoire,ABS019,06SWE08645,AB07CE0110,"GREGOIRE LAKE, PROFILE",56.45578,-111.15446,2006-08-11 12:20:03,1,0,1,122.0,N,,MAC,ATH,07CE,,,,,,,,,,,,8.21,,,,,,,
gregoire,ABS019,06SWE08646,AB07CE0110,"GREGOIRE LAKE, PROFILE",56.45578,-111.15446,2006-08-11 12:20:37,1,0,1,122.0,N,,MAC,ATH,07CE,,,,,,,,,,,,8.1,,,,,,,
gregoire,ABS019,06SWE08647,AB07CE0110,"GREGOIRE LAKE, PROFILE",56.45578,-111.15446,2006-08-11 12:21:22,1,0,1,122.0,N,,MAC,ATH,07CE,,,,,,,,,,,,6.48,,,,,,,
gregoire,ABS019,06SWE08797,AB07CE0110,"GREGOIRE LAKE, PROFILE",56.45578,-111.15446,2006-08-29 09:46:21,1,0,1,122.0,N,,MAC,ATH,07CE,,,,,,,,,,,,8.9,,,,,,,
gregoire,ABS019,06SWE08798,AB07CE0110,"GREGOIRE LAKE, PROFILE",56.45578,-111.15446,2006-08-29 09:46:59,1,0,1,122.0,N,,MAC,ATH,07CE,,,,,,,,,,,,8.86,,,,,,,
gregoire,ABS019,06SWE08799,AB07CE0110,"GREGOIRE LAKE, PROFILE",56.45578,-111.15446,2006-08-29 09:47:41,1,0,1,122.0,N,,MAC,ATH,07CE,,,,,,,,,,,,8.79,,,,,,,
gregoire,ABS019,06SWE08800,AB07CE0110,"GREGOIRE LAKE, PROFILE",56.45578,-111.15446,2006-08-29 09:48:24,1,0,1,122.0,N,,MAC,ATH,07CE,,,,,,,,,,,,8.77,,,,,,,
gregoire,ABS019,06SWE08801,AB07CE0110,"GREGOIRE LAKE, PROFILE",56.45578,-111.15446,2006-08-29 09:49:12,1,0,1,122.0,N,,MAC,ATH,07CE,,,,,,,,,,,,8.74,,,,,,,
gregoire,ABS019,06SWE08802,AB07CE0110,"GREGOIRE LAKE, PROFILE",56.45578,-111.15446,2006-08-29 09:49:53,1,0,1,122.0,N,,MAC,ATH,07CE,,,,,,,,,,,,8.68,,,,,,,
gregoire,ABS019,06SWE08803,AB07CE0110,"GREGOIRE LAKE, PROFILE",56.45578,-111.15446,2006-08-29 09:50:39,1,0,1,122.0,N,,MAC,ATH,07CE,,,,,,,,,,,,8.55,,,,,,,
gregoire,ABS019,06SWE08804,AB07CE0110,"GREGOIRE LAKE, PROFILE",56.45578,-111.15446,2006-08-29 09:51:48,1,0,1,122.0,N,,MAC,ATH,07CE,,,,,,,,,,,,8.57,,,,,,,
gregoire,ABS019,06SWE08968,AB07CE0110,"GREGOIRE LAKE, PROFILE",56.45578,-111.15446,2006-09-20 07:44:02,1,0,1,122.0,N,,MAC,ATH,07CE,,,,,,,,,,,,9.97,,,,,,,
gregoire,ABS019,06SWE08969,AB07CE0110,"GREGOIRE LAKE, PROFILE",56.45578,-111.15446,2006-09-20 07:44:36,1,0,1,122.0,N,,MAC,ATH,07CE,,,,,,,,,,,,9.96,,,,,,,
gregoire,ABS019,06SWE08970,AB07CE0110,"GREGOIRE LAKE, PROFILE",56.45578,-111.15446,2006-09-20 07:45:14,1,0,1,122.0,N,,MAC,ATH,07CE,,,,,,,,,,,,9.87,,,,,,,
gregoire,ABS019,06SWE08971,AB07CE0110,"GREGOIRE LAKE, PROFILE",56.45578,-111.15446,2006-09-20 07:45:51,1,0,1,122.0,N,,MAC,ATH,07CE,,,,,,,,,,,,9.9,,,,,,,
gregoire,ABS019,06SWE08972,AB07CE0110,"GREGOIRE LAKE, PROFILE",56.45578,-111.15446,2006-09-20 07:46:25,1,0,1,122.0,N,,MAC,ATH,07CE,,,,,,,,,,,,9.89,,,,,,,
gregoire,ABS019,06SWE08973,AB07CE0110,"GREGOIRE LAKE, PROFILE",56.45578,-111.15446,2006-09-20 07:46:59,1,0,1,122.0,N,,MAC,ATH,07CE,,,,,,,,,,,,9.86,,,,,,,
gregoire,ABS019,06SWE08974,AB07CE0110,"GREGOIRE LAKE, PROFILE",56.45578,-111.15446,2006-09-20 07:47:40,1,0,1,122.0,N,,MAC,ATH,07CE,,,,,,,,,,,,9.84,,,,,,,
gregoire,ABS019,06SWE08975,AB07CE0110,"GREGOIRE LAKE, PROFILE",56.45578,-111.15446,2006-09-20 07:48:19,1,0,1,122.0,N,,MAC,ATH,07CE,,,,,,,,,,,,9.85,,,,,,,
gregoire,ABS019,08SWE08739,AB07CE0110,"GREGOIRE LAKE, PROFILE",56.45578,-111.15446,2008-06-18 08:25:23,1,0,1,122.0,N,,MAC,ATH,07CE,,,,,,,,,,,,8.9,,,,,,,
gregoire,ABS019,08SWE08740,AB07CE0110,"GREGOIRE LAKE, PROFILE",56.45578,-111.15446,2008-06-18 08:26:15,1,0,1,122.0,N,,MAC,ATH,07CE,,,,,,,,,,,,8.84,,,,,,,
gregoire,ABS019,08SWE08741,AB07CE0110,"GREGOIRE LAKE, PROFILE",56.45578,-111.15446,2008-06-18 08:26:59,1,0,1,122.0,N,,MAC,ATH,07CE,,,,,,,,,,,,8.79,,,,,,,
gregoire,ABS019,08SWE08742,AB07CE0110,"GREGOIRE LAKE, PROFILE",56.45578,-111.15446,2008-06-18 08:28:12,1,0,1,122.0,N,,MAC,ATH,07CE,,,,,,,,,,,,8.7,,,,,,,
gregoire,ABS019,08SWE08743,AB07CE0110,"GREGOIRE LAKE, PROFILE",56.45578,-111.15446,2008-06-18 08:28:58,1,0,1,122.0,N,,MAC,ATH,07CE,,,,,,,,,,,,8.69,,,,,,,
gregoire,ABS019,08SWE08744,AB07CE0110,"GREGOIRE LAKE, PROFILE",56.45578,-111.15446,2008-06-18 08:29:59,1,0,1,122.0,N,,MAC,ATH,07CE,,,,,,,,,,,,8.65,,,,,,,
gregoire,ABS019,08SWE08745,AB07CE0110,"GREGOIRE LAKE, PROFILE",56.45578,-111.15446,2008-06-18 08:31:06,1,0,1,122.0,N,,MAC,ATH,07CE,,,,,,,,,,,,8.61,,,,,,,
gregoire,ABS019,08SWE08746,AB07CE0110,"GREGOIRE LAKE, PROFILE",56.45578,-111.15446,2008-06-18 08:32:11,1,0,1,122.0,N,,MAC,ATH,07CE,,,,,,,,,,,,8.57,,,,,,,
gregoire,ABS019,08SWE08747,AB07CE0110,"GREGOIRE LAKE, PROFILE",56.45578,-111.15446,2008-06-18 08:33:05,1,0,1,122.0,N,,MAC,ATH,07CE,,,,,,,,,,,,8.52,,,,,,,
gregoire,ABS019,08SWE08748,AB07CE0110,"GREGOIRE LAKE, PROFILE",56.45578,-111.15446,2008-06-18 08:34:07,1,0,1,122.0,N,,MAC,ATH,07CE,,,,,,,,,,,,8.58,,,,,,,
gregoire,ABS019,08SWE08749,AB07CE0110,"GREGOIRE LAKE, PROFILE",56.45578,-111.15446,2008-06-18 08:35:02,1,0,1,122.0,N,,MAC,ATH,07CE,,,,,,,,,,,,8.59,,,,,,,
gregoire,ABS019,08SWE08750,AB07CE0110,"GREGOIRE LAKE, PROFILE",56.45578,-111.15446,2008-06-18 08:36:32,1,0,1,122.0,N,,MAC,ATH,07CE,,,,,,,,,,,,8.64,,,,,,,
gregoire,ABS019,08SWE08751,AB07CE0110,"GREGOIRE LAKE, PROFILE",56.45578,-111.15446,2008-06-18 08:37:25,1,0,1,122.0,N,,MAC,ATH,07CE,,,,,,,,,,,,8.59,,,,,,,
gregoire,ABS019,08SWE08752,AB07CE0110,"GREGOIRE LAKE, PROFILE",56.45578,-111.15446,2008-06-18 08:38:28,1,0,1,122.0,N,,MAC,ATH,07CE,,,,,,,,,,,,8.59,,,,,,,
gregoire,ABS019,08SWE08753,AB07CE0110,"GREGOIRE LAKE, PROFILE",56.45578,-111.15446,2008-06-18 08:39:15,1,0,1,122.0,N,,MAC,ATH,07CE,,,,,,,,,,,,8.34,,,,,,,
gregoire,ABS019,08SWE10292,AB07CE0110,"GREGOIRE LAKE, PROFILE",56.45578,-111.15446,2008-07-14 09:23:47,1,0,1,122.0,N,,MAC,ATH,07CE,,,,,,,,,,,,10.64,,,,,,,
gregoire,ABS019,08SWE10293,AB07CE0110,"GREGOIRE LAKE, PROFILE",56.45578,-111.15446,2008-07-14 09:25:03,1,0,1,122.0,N,,MAC,ATH,07CE,,,,,,,,,,,,10.76,,,,,,,
gregoire,ABS019,08SWE10294,AB07CE0110,"GREGOIRE LAKE, PROFILE",56.45578,-111.15446,2008-07-14 09:25:48,1,0,1,122.0,N,,MAC,ATH,07CE,,,,,,,,,,,,10.82,,,,,,,
gregoire,ABS019,08SWE10295,AB07CE0110,"GREGOIRE LAKE, PROFILE",56.45578,-111.15446,2008-07-14 09:27:03,1,0,1,122.0,N,,MAC,ATH,07CE,,,,,,,,,,,,10.88,,,,,,,
gregoire,ABS019,08SWE10296,AB07CE0110,"GREGOIRE LAKE, PROFILE",56.45578,-111.15446,2008-07-14 09:28:34,1,0,1,122.0,N,,MAC,ATH,07CE,,,,,,,,,,,,10.9,,,,,,,
gregoire,ABS019,08SWE10297,AB07CE0110,"GREGOIRE LAKE, PROFILE",56.45578,-111.15446,2008-07-14 09:30:26,1,0,1,122.0,N,,MAC,ATH,07CE,,,,,,,,,,,,10.87,,,,,,,
gregoire,ABS019,08SWE10298,AB07CE0110,"GREGOIRE LAKE, PROFILE",56.45578,-111.15446,2008-07-14 09:31:32,1,0,1,122.0,N,,MAC,ATH,07CE,,,,,,,,,,,,10.9,,,,,,,
gregoire,ABS019,08SWE10299,AB07CE0110,"GREGOIRE LAKE, PROFILE",56.45578,-111.15446,2008-07-14 09:33:50,1,0,1,122.0,N,,MAC,ATH,07CE,,,,,,,,,,,,10.92,,,,,,,
gregoire,ABS019,08SWE10300,AB07CE0110,"GREGOIRE LAKE, PROFILE",56.45578,-111.15446,2008-07-14 09:35:16,1,0,1,122.0,N,,MAC,ATH,07CE,,,,,,,,,,,,10.87,,,,,,,
gregoire,ABS019,08SWE10301,AB07CE0110,"GREGOIRE LAKE, PROFILE",56.45578,-111.15446,2008-07-14 09:37:01,1,0,1,122.0,N,,MAC,ATH,07CE,,,,,,,,,,,,10.93,,,,,,,
gregoire,ABS019,08SWE10302,AB07CE0110,"GREGOIRE LAKE, PROFILE",56.45578,-111.15446,2008-07-14 09:38:07,1,0,1,122.0,N,,MAC,ATH,07CE,,,,,,,,,,,,10.84,,,,,,,
gregoire,ABS019,08SWE10303,AB07CE0110,"GREGOIRE LAKE, PROFILE",56.45578,-111.15446,2008-07-14 09:39:46,1,0,1,122.0,N,,MAC,ATH,07CE,,,,,,,,,,,,10.92,,,,,,,
gregoire,ABS019,08SWE10304,AB07CE0110,"GREGOIRE LAKE, PROFILE",56.45578,-111.15446,2008-07-14 09:40:38,1,0,1,122.0,N,,MAC,ATH,07CE,,,,,,,,,,,,10.88,,,,,,,
gregoire,ABS019,08SWE10305,AB07CE0110,"GREGOIRE LAKE, PROFILE",56.45578,-111.15446,2008-07-14 09:41:58,1,0,1,122.0,N,,MAC,ATH,07CE,,,,,,,,,,,,10.8,,,,,,,
gregoire,ABS019,08SWE10306,AB07CE0110,"GREGOIRE LAKE, PROFILE",56.45578,-111.15446,2008-07-14 09:43:49,1,0,1,122.0,N,,MAC,ATH,07CE,,,,,,,,,,,,10.78,,,,,,,
gregoire,ABS019,08SWE10330,AB07CE0110,"GREGOIRE LAKE, PROFILE",56.45578,-111.15446,2008-08-06 07:51:07,1,0,1,122.0,N,,MAC,ATH,07CE,,,,,,,,,,,,10.46,,,,,,,
gregoire,ABS019,08SWE10331,AB07CE0110,"GREGOIRE LAKE, PROFILE",56.45578,-111.15446,2008-08-06 07:52:26,1,0,1,122.0,N,,MAC,ATH,07CE,,,,,,,,,,,,10.43,,,,,,,
gregoire,ABS019,08SWE10332,AB07CE0110,"GREGOIRE LAKE, PROFILE",56.45578,-111.15446,2008-08-06 07:54:03,1,0,1,122.0,N,,MAC,ATH,07CE,,,,,,,,,,,,10.39,,,,,,,
gregoire,ABS019,08SWE10333,AB07CE0110,"GREGOIRE LAKE, PROFILE",56.45578,-111.15446,2008-08-06 07:59:26,1,0,1,122.0,N,,MAC,ATH,07CE,,,,,,,,,,,,10.22,,,,,,,
gregoire,ABS019,08SWE10334,AB07CE0110,"GREGOIRE LAKE, PROFILE",56.45578,-111.15446,2008-08-06 08:00:22,1,0,1,122.0,N,,MAC,ATH,07CE,,,,,,,,,,,,10.21,,,,,,,
gregoire,ABS019,08SWE10335,AB07CE0110,"GREGOIRE LAKE, PROFILE",56.45578,-111.15446,2008-08-06 08:01:56,1,0,1,122.0,N,,MAC,ATH,07CE,,,,,,,,,,,,10.17,,,,,,,
gregoire,ABS019,08SWE10336,AB07CE0110,"GREGOIRE LAKE, PROFILE",56.45578,-111.15446,2008-08-06 08:02:51,1,0,1,122.0,N,,MAC,ATH,07CE,,,,,,,,,,,,10.18,,,,,,,
gregoire,ABS019,08SWE10337,AB07CE0110,"GREGOIRE LAKE, PROFILE",56.45578,-111.15446,2008-08-06 08:05:04,1,0,1,122.0,N,,MAC,ATH,07CE,,,,,,,,,,,,10.11,,,,,,,
gregoire,ABS019,08SWE10338,AB07CE0110,"GREGOIRE LAKE, PROFILE",56.45578,-111.15446,2008-08-06 08:06:27,1,0,1,122.0,N,,MAC,ATH,07CE,,,,,,,,,,,,9.41,,,,,,,
gregoire,ABS019,08SWE10339,AB07CE0110,"GREGOIRE LAKE, PROFILE",56.45578,-111.15446,2008-08-06 08:08:52,1,0,1,122.0,N,,MAC,ATH,07CE,,,,,,,,,,,,9.34,,,,,,,
gregoire,ABS019,08SWE10340,AB07CE0110,"GREGOIRE LAKE, PROFILE",56.45578,-111.15446,2008-08-06 08:09:41,1,0,1,122.0,N,,MAC,ATH,07CE,,,,,,,,,,,,9.19,,,,,,,
gregoire,ABS019,08SWE10341,AB07CE0110,"GREGOIRE LAKE, PROFILE",56.45578,-111.15446,2008-08-06 08:11:38,1,0,1,122.0,N,,MAC,ATH,07CE,,,,,,,,,,,,8.35,,,,,,,
gregoire,ABS019,08SWE10342,AB07CE0110,"GREGOIRE LAKE, PROFILE",56.45578,-111.15446,2008-08-06 08:14:07,1,0,1,122.0,N,,MAC,ATH,07CE,,,,,,,,,,,,7.09,,,,,,,
gregoire,ABS019,08SWE10343,AB07CE0110,"GREGOIRE LAKE, PROFILE",56.45578,-111.15446,2008-08-06 08:15:13,1,0,1,122.0,N,,MAC,ATH,07CE,,,,,,,,,,,,7.05,,,,,,,
gregoire,ABS019,08SWE10365,AB07CE0110,"GREGOIRE LAKE, PROFILE",56.45578,-111.15446,2008-09-04 09:44:30,1,0,1,122.0,N,,MAC,ATH,07CE,,,,,,,,,,,,9.71,,,,,,,
gregoire,ABS019,08SWE10366,AB07CE0110,"GREGOIRE LAKE, PROFILE",56.45578,-111.15446,2008-09-04 09:45:25,1,0,1,122.0,N,,MAC,ATH,07CE,,,,,,,,,,,,9.69,,,,,,,
gregoire,ABS019,08SWE10367,AB07CE0110,"GREGOIRE LAKE, PROFILE",56.45578,-111.15446,2008-09-04 09:46:14,1,0,1,122.0,N,,MAC,ATH,07CE,,,,,,,,,,,,9.66,,,,,,,
gregoire,ABS019,08SWE10368,AB07CE0110,"GREGOIRE LAKE, PROFILE",56.45578,-111.15446,2008-09-04 09:47:10,1,0,1,122.0,N,,MAC,ATH,07CE,,,,,,,,,,,,9.63,,,,,,,
gregoire,ABS019,08SWE10369,AB07CE0110,"GREGOIRE LAKE, PROFILE",56.45578,-111.15446,2008-09-04 09:48:16,1,0,1,122.0,N,,MAC,ATH,07CE,,,,,,,,,,,,9.58,,,,,,,
gregoire,ABS019,08SWE10370,AB07CE0110,"GREGOIRE LAKE, PROFILE",56.45578,-111.15446,2008-09-04 09:49:07,1,0,1,122.0,N,,MAC,ATH,07CE,,,,,,,,,,,,9.53,,,,,,,
gregoire,ABS019,08SWE10371,AB07CE0110,"GREGOIRE LAKE, PROFILE",56.45578,-111.15446,2008-09-04 09:50:00,1,0,1,122.0,N,,MAC,ATH,07CE,,,,,,,,,,,,9.49,,,,,,,
gregoire,ABS019,08SWE10372,AB07CE0110,"GREGOIRE LAKE, PROFILE",56.45578,-111.15446,2008-09-04 09:50:54,1,0,1,122.0,N,,MAC,ATH,07CE,,,,,,,,,,,,9.46,,,,,,,
gregoire,ABS019,08SWE10373,AB07CE0110,"GREGOIRE LAKE, PROFILE",56.45578,-111.15446,2008-09-04 09:51:51,1,0,1,122.0,N,,MAC,ATH,07CE,,,,,,,,,,,,9.44,,,,,,,
gregoire,ABS019,08SWE10374,AB07CE0110,"GREGOIRE LAKE, PROFILE",56.45578,-111.15446,2008-09-04 09:52:43,1,0,1,122.0,N,,MAC,ATH,07CE,,,,,,,,,,,,9.44,,,,,,,
gregoire,ABS019,08SWE10375,AB07CE0110,"GREGOIRE LAKE, PROFILE",56.45578,-111.15446,2008-09-04 09:53:35,1,0,1,122.0,N,,MAC,ATH,07CE,,,,,,,,,,,,9.42,,,,,,,
gregoire,ABS019,08SWE10376,AB07CE0110,"GREGOIRE LAKE, PROFILE",56.45578,-111.15446,2008-09-04 09:54:26,1,0,1,122.0,N,,MAC,ATH,07CE,,,,,,,,,,,,9.4,,,,,,,
gregoire,ABS019,08SWE10377,AB07CE0110,"GREGOIRE LAKE, PROFILE",56.45578,-111.15446,2008-09-04 09:55:28,1,0,1,122.0,N,,MAC,ATH,07CE,,,,,,,,,,,,9.41,,,,,,,
gregoire,ABS019,08SWE10378,AB07CE0110,"GREGOIRE LAKE, PROFILE",56.45578,-111.15446,2008-09-04 09:56:23,1,0,1,122.0,N,,MAC,ATH,07CE,,,,,,,,,,,,9.4,,,,,,,
gregoire,ABS019,08SWE10379,AB07CE0110,"GREGOIRE LAKE, PROFILE",56.45578,-111.15446,2008-09-04 09:57:12,1,0,1,122.0,N,,MAC,ATH,07CE,,,,,,,,,,,,9.37,,,,,,,
gregoire,ABS019,08SWE10404,AB07CE0110,"GREGOIRE LAKE, PROFILE",56.45578,-111.15446,2008-09-29 08:59:07,1,0,1,122.0,N,,MAC,ATH,07CE,,,,,,,,,,,,10.5,,,,,,,
gregoire,ABS019,08SWE10405,AB07CE0110,"GREGOIRE LAKE, PROFILE",56.45578,-111.15446,2008-09-29 09:00:03,1,0,1,122.0,N,,MAC,ATH,07CE,,,,,,,,,,,,10.48,,,,,,,
gregoire,ABS019,08SWE10406,AB07CE0110,"GREGOIRE LAKE, PROFILE",56.45578,-111.15446,2008-09-29 09:00:54,1,0,1,122.0,N,,MAC,ATH,07CE,,,,,,,,,,,,10.45,,,,,,,
gregoire,ABS019,08SWE10407,AB07CE0110,"GREGOIRE LAKE, PROFILE",56.45578,-111.15446,2008-09-29 09:01:53,1,0,1,122.0,N,,MAC,ATH,07CE,,,,,,,,,,,,10.42,,,,,,,
gregoire,ABS019,08SWE10408,AB07CE0110,"GREGOIRE LAKE, PROFILE",56.45578,-111.15446,2008-09-29 09:02:50,1,0,1,122.0,N,,MAC,ATH,07CE,,,,,,,,,,,,10.41,,,,,,,
gregoire,ABS019,08SWE10409,AB07CE0110,"GREGOIRE LAKE, PROFILE",56.45578,-111.15446,2008-09-29 09:03:52,1,0,1,122.0,N,,MAC,ATH,07CE,,,,,,,,,,,,10.38,,,,,,,
gregoire,ABS019,08SWE10410,AB07CE0110,"GREGOIRE LAKE, PROFILE",56.45578,-111.15446,2008-09-29 09:04:54,1,0,1,122.0,N,,MAC,ATH,07CE,,,,,,,,,,,,10.35,,,,,,,
gregoire,ABS019,08SWE10411,AB07CE0110,"GREGOIRE LAKE, PROFILE",56.45578,-111.15446,2008-09-29 09:05:49,1,0,1,122.0,N,,MAC,ATH,07CE,,,,,,,,,,,,10.34,,,,,,,
gregoire,ABS019,08SWE10412,AB07CE0110,"GREGOIRE LAKE, PROFILE",56.45578,-111.15446,2008-09-29 09:06:47,1,0,1,122.0,N,,MAC,ATH,07CE,,,,,,,,,,,,10.3,,,,,,,
gregoire,ABS019,08SWE10413,AB07CE0110,"GREGOIRE LAKE, PROFILE",56.45578,-111.15446,2008-09-29 09:07:56,1,0,1,122.0,N,,MAC,ATH,07CE,,,,,,,,,,,,10.27,,,,,,,
gregoire,ABS019,08SWE10414,AB07CE0110,"GREGOIRE LAKE, PROFILE",56.45578,-111.15446,2008-09-29 09:08:53,1,0,1,122.0,N,,MAC,ATH,07CE,,,,,,,,,,,,10.24,,,,,,,
gregoire,ABS019,08SWE10415,AB07CE0110,"GREGOIRE LAKE, PROFILE",56.45578,-111.15446,2008-09-29 09:09:46,1,0,1,122.0,N,,MAC,ATH,07CE,,,,,,,,,,,,10.06,,,,,,,
gregoire,ABS019,13SWE10196,AB07CE0110,"GREGOIRE LAKE, PROFILE",56.45578,-111.15446,2013-06-19 09:06:00,1,0,1,122.0,N,,MAC,ATH,07CE,,,,,,,,,,,,8.67,,,,,,,
gregoire,ABS019,13SWE10197,AB07CE0110,"GREGOIRE LAKE, PROFILE",56.45578,-111.15446,2013-06-19 09:07:00,1,0,1,122.0,N,,MAC,ATH,07CE,,,,,,,,,,,,8.67,,,,,,,
gregoire,ABS019,13SWE10198,AB07CE0110,"GREGOIRE LAKE, PROFILE",56.45578,-111.15446,2013-06-19 09:08:00,1,0,1,122.0,N,,MAC,ATH,07CE,,,,,,,,,,,,8.71,,,,,,,
gregoire,ABS019,13SWE10199,AB07CE0110,"GREGOIRE LAKE, PROFILE",56.45578,-111.15446,2013-06-19 09:09:00,1,0,1,122.0,N,,MAC,ATH,07CE,,,,,,,,,,,,8.71,,,,,,,
gregoire,ABS019,13SWE10200,AB07CE0110,"GREGOIRE LAKE, PROFILE",56.45578,-111.15446,2013-06-19 09:10:00,1,0,1,122.0,N,,MAC,ATH,07CE,,,,,,,,,,,,8.73,,,,,,,
gregoire,ABS019,13SWE10201,AB07CE0110,"GREGOIRE LAKE, PROFILE",56.45578,-111.15446,2013-06-19 09:11:00,1,0,1,122.0,N,,MAC,ATH,07CE,,,,,,,,,,,,8.72,,,,,,,
gregoire,ABS019,13SWE10202,AB07CE0110,"GREGOIRE LAKE, PROFILE",56.45578,-111.15446,2013-06-19 09:12:00,1,0,1,122.0,N,,MAC,ATH,07CE,,,,,,,,,,,,8.74,,,,,,,
gregoire,ABS019,13SWE10203,AB07CE0110,"GREGOIRE LAKE, PROFILE",56.45578,-111.15446,2013-06-19 09:13:00,1,0,1,122.0,N,,MAC,ATH,07CE,,,,,,,,,,,,8.73,,,,,,,
gregoire,ABS019,13SWE10204,AB07CE0110,"GREGOIRE LAKE, PROFILE",56.45578,-111.15446,2013-06-19 09:14:00,1,0,1,122.0,N,,MAC,ATH,07CE,,,,,,,,,,,,8.57,,,,,,,
gregoire,ABS019,13SWE10205,AB07CE0110,"GREGOIRE LAKE, PROFILE",56.45578,-111.15446,2013-06-19 09:15:00,1,0,1,122.0,N,,MAC,ATH,07CE,,,,,,,,,,,,8.09,,,,,,,
gregoire,ABS019,13SWE10206,AB07CE0110,"GREGOIRE LAKE, PROFILE",56.45578,-111.15446,2013-06-19 09:16:00,1,0,1,122.0,N,,MAC,ATH,07CE,,,,,,,,,,,,7.53,,,,,,,
gregoire,ABS019,13SWE10207,AB07CE0110,"GREGOIRE LAKE, PROFILE",56.45578,-111.15446,2013-06-19 09:17:00,1,0,1,122.0,N,,MAC,ATH,07CE,,,,,,,,,,,,7.12,,,,,,,
gregoire,ABS019,13SWE10208,AB07CE0110,"GREGOIRE LAKE, PROFILE",56.45578,-111.15446,2013-06-19 09:18:00,1,0,1,122.0,N,,MAC,ATH,07CE,,,,,,,,,,,,6.67,,,,,,,
gregoire,ABS019,13SWE10209,AB07CE0110,"GREGOIRE LAKE, PROFILE",56.45578,-111.15446,2013-06-19 09:19:00,1,0,1,122.0,N,,MAC,ATH,07CE,,,,,,,,,,,,6.34,,,,,,,
gregoire,ABS019,13SWE10210,AB07CE0110,"GREGOIRE LAKE, PROFILE",56.45578,-111.15446,2013-06-19 09:20:00,1,0,1,122.0,N,,MAC,ATH,07CE,,,,,,,,,,,,5.81,,,,,,,
gregoire,ABS019,13SWE10211,AB07CE0110,"GREGOIRE LAKE, PROFILE",56.45578,-111.15446,2013-06-19 09:21:00,1,0,1,122.0,N,,MAC,ATH,07CE,,,,,,,,,,,,5.43,,,,,,,
gregoire,ABS019,13SWE10500,AB07CE0110,"GREGOIRE LAKE, PROFILE",56.45578,-111.15446,2013-07-16 09:11:00,1,0,1,122.0,N,,MAC,ATH,07CE,,,,,,,,,,,,8.75,,,,,,,
gregoire,ABS019,13SWE10501,AB07CE0110,"GREGOIRE LAKE, PROFILE",56.45578,-111.15446,2013-07-16 09:12:00,1,0,1,122.0,N,,MAC,ATH,07CE,,,,,,,,,,,,8.8,,,,,,,
gregoire,ABS019,13SWE10502,AB07CE0110,"GREGOIRE LAKE, PROFILE",56.45578,-111.15446,2013-07-16 09:13:00,1,0,1,122.0,N,,MAC,ATH,07CE,,,,,,,,,,,,8.78,,,,,,,
gregoire,ABS019,13SWE10503,AB07CE0110,"GREGOIRE LAKE, PROFILE",56.45578,-111.15446,2013-07-16 09:14:00,1,0,1,122.0,N,,MAC,ATH,07CE,,,,,,,,,,,,8.74,,,,,,,
gregoire,ABS019,13SWE10504,AB07CE0110,"GREGOIRE LAKE, PROFILE",56.45578,-111.15446,2013-07-16 09:15:00,1,0,1,122.0,N,,MAC,ATH,07CE,,,,,,,,,,,,8.75,,,,,,,
gregoire,ABS019,13SWE10505,AB07CE0110,"GREGOIRE LAKE, PROFILE",56.45578,-111.15446,2013-07-16 09:16:00,1,0,1,122.0,N,,MAC,ATH,07CE,,,,,,,,,,,,8.7,,,,,,,
gregoire,ABS019,13SWE10506,AB07CE0110,"GREGOIRE LAKE, PROFILE",56.45578,-111.15446,2013-07-16 09:17:00,1,0,1,122.0,N,,MAC,ATH,07CE,,,,,,,,,,,,8.73,,,,,,,
gregoire,ABS019,13SWE10507,AB07CE0110,"GREGOIRE LAKE, PROFILE",56.45578,-111.15446,2013-07-16 09:18:00,1,0,1,122.0,N,,MAC,ATH,07CE,,,,,,,,,,,,8.68,,,,,,,
gregoire,ABS019,13SWE10508,AB07CE0110,"GREGOIRE LAKE, PROFILE",56.45578,-111.15446,2013-07-16 09:19:00,1,0,1,122.0,N,,MAC,ATH,07CE,,,,,,,,,,,,8.65,,,,,,,
gregoire,ABS019,13SWE10509,AB07CE0110,"GREGOIRE LAKE, PROFILE",56.45578,-111.15446,2013-07-16 09:20:00,1,0,1,122.0,N,,MAC,ATH,07CE,,,,,,,,,,,,8.62,,,,,,,
gregoire,ABS019,13SWE10510,AB07CE0110,"GREGOIRE LAKE, PROFILE",56.45578,-111.15446,2013-07-16 09:21:00,1,0,1,122.0,N,,MAC,ATH,07CE,,,,,,,,,,,,8.57,,,,,,,
gregoire,ABS019,13SWE10511,AB07CE0110,"GREGOIRE LAKE, PROFILE",56.45578,-111.15446,2013-07-16 09:22:00,1,0,1,122.0,N,,MAC,ATH,07CE,,,,,,,,,,,,8.42,,,,,,,
gregoire,ABS019,13SWE10653,AB07CE0110,"GREGOIRE LAKE, PROFILE",56.45578,-111.15446,2013-07-27 10:08:00,1,0,1,122.0,N,,MAC,ATH,07CE,,,,,,,,,,,,8.97,,,,,,,
gregoire,ABS019,13SWE10654,AB07CE0110,"GREGOIRE LAKE, PROFILE",56.45578,-111.15446,2013-07-27 10:09:00,1,0,1,122.0,N,,MAC,ATH,07CE,,,,,,,,,,,,8.97,,,,,,,
gregoire,ABS019,13SWE10655,AB07CE0110,"GREGOIRE LAKE, PROFILE",56.45578,-111.15446,2013-07-27 10:10:00,1,0,1,122.0,N,,MAC,ATH,07CE,,,,,,,,,,,,8.97,,,,,,,
gregoire,ABS019,13SWE10656,AB07CE0110,"GREGOIRE LAKE, PROFILE",56.45578,-111.15446,2013-07-27 10:11:00,1,0,1,122.0,N,,MAC,ATH,07CE,,,,,,,,,,,,8.91,,,,,,,
gregoire,ABS019,13SWE10657,AB07CE0110,"GREGOIRE LAKE, PROFILE",56.45578,-111.15446,2013-07-27 10:12:00,1,0,1,122.0,N,,MAC,ATH,07CE,,,,,,,,,,,,8.94,,,,,,,
gregoire,ABS019,13SWE10658,AB07CE0110,"GREGOIRE LAKE, PROFILE",56.45578,-111.15446,2013-07-27 10:13:00,1,0,1,122.0,N,,MAC,ATH,07CE,,,,,,,,,,,,8.89,,,,,,,
gregoire,ABS019,13SWE10659,AB07CE0110,"GREGOIRE LAKE, PROFILE",56.45578,-111.15446,2013-07-27 10:14:00,1,0,1,122.0,N,,MAC,ATH,07CE,,,,,,,,,,,,8.89,,,,,,,
gregoire,ABS019,13SWE10660,AB07CE0110,"GREGOIRE LAKE, PROFILE",56.45578,-111.15446,2013-07-27 10:15:00,1,0,1,122.0,N,,MAC,ATH,07CE,,,,,,,,,,,,8.9,,,,,,,
gregoire,ABS019,13SWE10661,AB07CE0110,"GREGOIRE LAKE, PROFILE",56.45578,-111.15446,2013-07-27 10:16:00,1,0,1,122.0,N,,MAC,ATH,07CE,,,,,,,,,,,,8.92,,,,,,,
gregoire,ABS019,13SWE10662,AB07CE0110,"GREGOIRE LAKE, PROFILE",56.45578,-111.15446,2013-07-27 10:17:00,1,0,1,122.0,N,,MAC,ATH,07CE,,,,,,,,,,,,8.93,,,,,,,
gregoire,ABS019,13SWE10663,AB07CE0110,"GREGOIRE LAKE, PROFILE",56.45578,-111.15446,2013-07-27 10:18:00,1,0,1,122.0,N,,MAC,ATH,07CE,,,,,,,,,,,,8.85,,,,,,,
gregoire,ABS019,13SWE10664,AB07CE0110,"GREGOIRE LAKE, PROFILE",56.45578,-111.15446,2013-07-27 10:19:00,1,0,1,122.0,N,,MAC,ATH,07CE,,,,,,,,,,,,8.74,,,,,,,
gregoire,ABS019,13SWE07561,AB07CE0110,"GREGOIRE LAKE, PROFILE",56.45578,-111.15446,2013-08-27 08:50:00,1,0,1,122.0,N,,MAC,ATH,07CE,,,,,,,,,,,,8.5,,,,,,,
gregoire,ABS019,13SWE07562,AB07CE0110,"GREGOIRE LAKE, PROFILE",56.45578,-111.15446,2013-08-27 08:51:00,1,0,1,122.0,N,,MAC,ATH,07CE,,,,,,,,,,,,8.52,,,,,,,
gregoire,ABS019,13SWE07563,AB07CE0110,"GREGOIRE LAKE, PROFILE",56.45578,-111.15446,2013-08-27 08:52:00,1,0,1,122.0,N,,MAC,ATH,07CE,,,,,,,,,,,,8.49,,,,,,,
gregoire,ABS019,13SWE07564,AB07CE0110,"GREGOIRE LAKE, PROFILE",56.45578,-111.15446,2013-08-27 08:53:00,1,0,1,122.0,N,,MAC,ATH,07CE,,,,,,,,,,,,8.47,,,,,,,
gregoire,ABS019,13SWE07565,AB07CE0110,"GREGOIRE LAKE, PROFILE",56.45578,-111.15446,2013-08-27 08:54:00,1,0,1,122.0,N,,MAC,ATH,07CE,,,,,,,,,,,,8.48,,,,,,,
gregoire,ABS019,13SWE07566,AB07CE0110,"GREGOIRE LAKE, PROFILE",56.45578,-111.15446,2013-08-27 08:55:00,1,0,1,122.0,N,,MAC,ATH,07CE,,,,,,,,,,,,8.5,,,,,,,
gregoire,ABS019,13SWE07567,AB07CE0110,"GREGOIRE LAKE, PROFILE",56.45578,-111.15446,2013-08-27 08:56:00,1,0,1,122.0,N,,MAC,ATH,07CE,,,,,,,,,,,,8.42,,,,,,,
gregoire,ABS019,13SWE07568,AB07CE0110,"GREGOIRE LAKE, PROFILE",56.45578,-111.15446,2013-08-27 08:57:00,1,0,1,122.0,N,,MAC,ATH,07CE,,,,,,,,,,,,8.42,,,,,,,
gregoire,ABS019,13SWE07569,AB07CE0110,"GREGOIRE LAKE, PROFILE",56.45578,-111.15446,2013-08-27 08:58:00,1,0,1,122.0,N,,MAC,ATH,07CE,,,,,,,,,,,,8.29,,,,,,,
gregoire,ABS019,13SWE07570,AB07CE0110,"GREGOIRE LAKE, PROFILE",56.45578,-111.15446,2013-08-27 08:59:00,1,0,1,122.0,N,,MAC,ATH,07CE,,,,,,,,,,,,6.22,,,,,,,
gregoire,ABS019,13SWE07571,AB07CE0110,"GREGOIRE LAKE, PROFILE",56.45578,-111.15446,2013-08-27 09:00:00,1,0,1,122.0,N,,MAC,ATH,07CE,,,,,,,,,,,,5.76,,,,,,,
gregoire,ABS019,13SWE07572,AB07CE0110,"GREGOIRE LAKE, PROFILE",56.45578,-111.15446,2013-08-27 09:01:00,1,0,1,122.0,N,,MAC,ATH,07CE,,,,,,,,,,,,5.85,,,,,,,
gregoire,ABS019,13SWE07573,AB07CE0110,"GREGOIRE LAKE, PROFILE",56.45578,-111.15446,2013-08-27 09:02:00,1,0,1,122.0,N,,MAC,ATH,07CE,,,,,,,,,,,,5.49,,,,,,,
gregoire,ABS019,17SWE06670,AB07CE0110,"GREGOIRE LAKE, PROFILE",56.45578,-111.15446,2017-06-26 10:15:00,1,0,1,122.0,N,,MAC,ATH,07CE,,,,,,,,,,,,9.71,,,,,,,
gregoire,ABS019,17SWE06671,AB07CE0110,"GREGOIRE LAKE, PROFILE",56.45578,-111.15446,2017-06-26 10:16:00,1,0,1,122.0,N,,MAC,ATH,07CE,,,,,,,,,,,,9.76,,,,,,,
gregoire,ABS019,17SWE06672,AB07CE0110,"GREGOIRE LAKE, PROFILE",56.45578,-111.15446,2017-06-26 10:17:00,1,0,1,122.0,N,,MAC,ATH,07CE,,,,,,,,,,,,9.73,,,,,,,
gregoire,ABS019,17SWE06673,AB07CE0110,"GREGOIRE LAKE, PROFILE",56.45578,-111.15446,2017-06-26 10:18:00,1,0,1,122.0,N,,MAC,ATH,07CE,,,,,,,,,,,,9.72,,,,,,,
gregoire,ABS019,17SWE06674,AB07CE0110,"GREGOIRE LAKE, PROFILE",56.45578,-111.15446,2017-06-26 10:19:00,1,0,1,122.0,N,,MAC,ATH,07CE,,,,,,,,,,,,9.74,,,,,,,
gregoire,ABS019,17SWE06675,AB07CE0110,"GREGOIRE LAKE, PROFILE",56.45578,-111.15446,2017-06-26 10:20:00,1,0,1,122.0,N,,MAC,ATH,07CE,,,,,,,,,,,,9.73,,,,,,,
gregoire,ABS019,17SWE06676,AB07CE0110,"GREGOIRE LAKE, PROFILE",56.45578,-111.15446,2017-06-26 10:21:00,1,0,1,122.0,N,,MAC,ATH,07CE,,,,,,,,,,,,9.73,,,,,,,
gregoire,ABS019,17SWE06677,AB07CE0110,"GREGOIRE LAKE, PROFILE",56.45578,-111.15446,2017-06-26 10:22:00,1,0,1,122.0,N,,MAC,ATH,07CE,,,,,,,,,,,,9.69,,,,,,,
gregoire,ABS019,17SWE06678,AB07CE0110,"GREGOIRE LAKE, PROFILE",56.45578,-111.15446,2017-06-26 10:23:00,1,0,1,122.0,N,,MAC,ATH,07CE,,,,,,,,,,,,9.71,,,,,,,
gregoire,ABS019,17SWE06679,AB07CE0110,"GREGOIRE LAKE, PROFILE",56.45578,-111.15446,2017-06-26 10:24:00,1,0,1,122.0,N,,MAC,ATH,07CE,,,,,,,,,,,,9.48,,,,,,,
gregoire,ABS019,17SWE04602,AB07CE0110,"GREGOIRE LAKE, PROFILE",56.45578,-111.15446,2017-07-26 08:20:00,1,0,1,122.0,N,,MAC,ATH,07CE,,,,,,,,,,,,11.25,,,,,,,
gregoire,ABS019,17SWE04603,AB07CE0110,"GREGOIRE LAKE, PROFILE",56.45578,-111.15446,2017-07-26 08:21:00,1,0,1,122.0,N,,MAC,ATH,07CE,,,,,,,,,,,,11.06,,,,,,,
gregoire,ABS019,17SWE04604,AB07CE0110,"GREGOIRE LAKE, PROFILE",56.45578,-111.15446,2017-07-26 08:22:00,1,0,1,122.0,N,,MAC,ATH,07CE,,,,,,,,,,,,10.48,,,,,,,
gregoire,ABS019,17SWE04605,AB07CE0110,"GREGOIRE LAKE, PROFILE",56.45578,-111.15446,2017-07-26 08:23:00,1,0,1,122.0,N,,MAC,ATH,07CE,,,,,,,,,,,,10.28,,,,,,,
gregoire,ABS019,17SWE04606,AB07CE0110,"GREGOIRE LAKE, PROFILE",56.45578,-111.15446,2017-07-26 08:24:00,1,0,1,122.0,N,,MAC,ATH,07CE,,,,,,,,,,,,10.04,,,,,,,
gregoire,ABS019,17SWE04607,AB07CE0110,"GREGOIRE LAKE, PROFILE",56.45578,-111.15446,2017-07-26 08:25:00,1,0,1,122.0,N,,MAC,ATH,07CE,,,,,,,,,,,,9.89,,,,,,,
gregoire,ABS019,17SWE04608,AB07CE0110,"GREGOIRE LAKE, PROFILE",56.45578,-111.15446,2017-07-26 08:26:00,1,0,1,122.0,N,,MAC,ATH,07CE,,,,,,,,,,,,9.78,,,,,,,
gregoire,ABS019,17SWE04609,AB07CE0110,"GREGOIRE LAKE, PROFILE",56.45578,-111.15446,2017-07-26 08:27:00,1,0,1,122.0,N,,MAC,ATH,07CE,,,,,,,,,,,,9.64,,,,,,,
gregoire,ABS019,17SWE04610,AB07CE0110,"GREGOIRE LAKE, PROFILE",56.45578,-111.15446,2017-07-26 08:28:00,1,0,1,122.0,N,,MAC,ATH,07CE,,,,,,,,,,,,9.19,,,,,,,
gregoire,ABS019,17SWE04611,AB07CE0110,"GREGOIRE LAKE, PROFILE",56.45578,-111.15446,2017-07-26 08:29:00,1,0,1,122.0,N,,MAC,ATH,07CE,,,,,,,,,,,,8.09,,,,,,,
gregoire,ABS019,17SWE04612,AB07CE0110,"GREGOIRE LAKE, PROFILE",56.45578,-111.15446,2017-07-26 08:30:00,1,0,1,122.0,N,,MAC,ATH,07CE,,,,,,,,,,,,7.82,,,,,,,
gregoire,ABS019,17SWE04613,AB07CE0110,"GREGOIRE LAKE, PROFILE",56.45578,-111.15446,2017-07-26 08:31:00,1,0,1,122.0,N,,MAC,ATH,07CE,,,,,,,,,,,,7.6,,,,,,,
gregoire,ABS019,17SWE07204,AB07CE0110,"GREGOIRE LAKE, PROFILE",56.45578,-111.15446,2017-08-23 08:19:00,1,0,1,16.0,N,Top Grab for Hg and Metals,MAC,ATH,07CE,7.5,,19.2,,0.43,0.007,,0.71,,,,7.93,,,,,,,0.152
gregoire,ABS019,17SWE07205,AB07CE0110,"GREGOIRE LAKE, PROFILE",56.45578,-111.15446,2017-08-23 08:20:00,1,0,1,122.0,N,,MAC,ATH,07CE,,,,,,,,,,,,7.94,,,,,,,
gregoire,ABS019,17SWE07206,AB07CE0110,"GREGOIRE LAKE, PROFILE",56.45578,-111.15446,2017-08-23 08:21:00,1,0,1,122.0,N,,MAC,ATH,07CE,,,,,,,,,,,,7.95,,,,,,,
gregoire,ABS019,17SWE07207,AB07CE0110,"GREGOIRE LAKE, PROFILE",56.45578,-111.15446,2017-08-23 08:22:00,1,0,1,122.0,N,,MAC,ATH,07CE,,,,,,,,,,,,7.92,,,,,,,
gregoire,ABS019,17SWE07208,AB07CE0110,"GREGOIRE LAKE, PROFILE",56.45578,-111.15446,2017-08-23 08:23:00,1,0,1,122.0,N,,MAC,ATH,07CE,,,,,,,,,,,,7.89,,,,,,,
gregoire,ABS019,17SWE07209,AB07CE0110,"GREGOIRE LAKE, PROFILE",56.45578,-111.15446,2017-08-23 08:24:00,1,0,1,122.0,N,,MAC,ATH,07CE,,,,,,,,,,,,7.88,,,,,,,
gregoire,ABS019,17SWE07210,AB07CE0110,"GREGOIRE LAKE, PROFILE",56.45578,-111.15446,2017-08-23 08:25:00,1,0,1,122.0,N,,MAC,ATH,07CE,,,,,,,,,,,,7.88,,,,,,,
gregoire,ABS019,17SWE07211,AB07CE0110,"GREGOIRE LAKE, PROFILE",56.45578,-111.15446,2017-08-23 08:26:00,1,0,1,122.0,N,,MAC,ATH,07CE,,,,,,,,,,,,7.86,,,,,,,
gregoire,ABS019,17SWE07212,AB07CE0110,"GREGOIRE LAKE, PROFILE",56.45578,-111.15446,2017-08-23 08:27:00,1,0,1,122.0,N,,MAC,ATH,07CE,,,,,,,,,,,,7.88,,,,,,,
gregoire,ABS019,17SWE07213,AB07CE0110,"GREGOIRE LAKE, PROFILE",56.45578,-111.15446,2017-08-23 08:28:00,1,0,1,122.0,N,,MAC,ATH,07CE,,,,,,,,,,,,7.89,,,,,,,
gregoire,ABS019,17SWE07214,AB07CE0110,"GREGOIRE LAKE, PROFILE",56.45578,-111.15446,2017-08-23 08:29:00,1,0,1,122.0,N,,MAC,ATH,07CE,,,,,,,,,,,,7.88,,,,,,,
gregoire,ABS019,17SWE07215,AB07CE0110,"GREGOIRE LAKE, PROFILE",56.45578,-111.15446,2017-08-23 08:30:00,1,0,1,122.0,N,,MAC,ATH,07CE,,,,,,,,,,,,7.89,,,,,,,
gregoire,ABS019,17SWE07216,AB07CE0110,"GREGOIRE LAKE, PROFILE",56.45578,-111.15446,2017-08-23 08:31:00,1,0,1,122.0,N,,MAC,ATH,07CE,,,,,,,,,,,,7.88,,,,,,,
gregoire,ABS019,17SWE07217,AB07CE0110,"GREGOIRE LAKE, PROFILE",56.45578,-111.15446,2017-08-23 08:32:00,1,0,1,17.0,N,Bottom Grab at 6.5 m for metals and Hg,MAC,ATH,07CE,8.0,,19.3,,0.41,0.014,,0.76,,,,7.86,,,,,,,0.181
gregoire,ABS019,17SWE07218,AB07CE0110,"GREGOIRE LAKE, PROFILE",56.45578,-111.15446,2017-08-23 08:33:00,1,0,1,122.0,N,,MAC,ATH,07CE,,,,,,,,,,,,7.87,,,,,,,
gregoire,ABS019,17SWE14737,AB07CE0110,"GREGOIRE LAKE, PROFILE",56.45578,-111.15446,2017-09-24 08:04:00,1,0,1,122.0,N,,MAC,ATH,07CE,,,,,,,,,,,,9.33,,,,,,,
gregoire,ABS019,17SWE14738,AB07CE0110,"GREGOIRE LAKE, PROFILE",56.45578,-111.15446,2017-09-24 08:05:00,1,0,1,122.0,N,,MAC,ATH,07CE,,,,,,,,,,,,9.3,,,,,,,
gregoire,ABS019,17SWE14739,AB07CE0110,"GREGOIRE LAKE, PROFILE",56.45578,-111.15446,2017-09-24 08:06:00,1,0,1,122.0,N,,MAC,ATH,07CE,,,,,,,,,,,,9.31,,,,,,,
gregoire,ABS019,17SWE14740,AB07CE0110,"GREGOIRE LAKE, PROFILE",56.45578,-111.15446,2017-09-24 08:07:00,1,0,1,122.0,N,,MAC,ATH,07CE,,,,,,,,,,,,9.3,,,,,,,
gregoire,ABS019,17SWE14741,AB07CE0110,"GREGOIRE LAKE, PROFILE",56.45578,-111.15446,2017-09-24 08:08:00,1,0,1,122.0,N,,MAC,ATH,07CE,,,,,,,,,,,,9.3,,,,,,,
gregoire,ABS019,17SWE14742,AB07CE0110,"GREGOIRE LAKE, PROFILE",56.45578,-111.15446,2017-09-24 08:09:00,1,0,1,122.0,N,,MAC,ATH,07CE,,,,,,,,,,,,9.29,,,,,,,
gregoire,ABS019,17SWE14743,AB07CE0110,"GREGOIRE LAKE, PROFILE",56.45578,-111.15446,2017-09-24 08:10:00,1,0,1,122.0,N,,MAC,ATH,07CE,,,,,,,,,,,,9.32,,,,,,,
gregoire,ABS019,17SWE14744,AB07CE0110,"GREGOIRE LAKE, PROFILE",56.45578,-111.15446,2017-09-24 08:11:00,1,0,1,122.0,N,,MAC,ATH,07CE,,,,,,,,,,,,9.31,,,,,,,
gregoire,ABS019,17SWE14745,AB07CE0110,"GREGOIRE LAKE, PROFILE",56.45578,-111.15446,2017-09-24 08:12:00,1,0,1,122.0,N,,MAC,ATH,07CE,,,,,,,,,,,,9.27,,,,,,,
gregoire,ABS019,17SWE14746,AB07CE0110,"GREGOIRE LAKE, PROFILE",56.45578,-111.15446,2017-09-24 08:13:00,1,0,1,122.0,N,,MAC,ATH,07CE,,,,,,,,,,,,9.25,,,,,,,
gregoire,ABS019,17SWE14747,AB07CE0110,"GREGOIRE LAKE, PROFILE",56.45578,-111.15446,2017-09-24 08:14:00,1,0,1,122.0,N,,MAC,ATH,07CE,,,,,,,,,,,,9.29,,,,,,,
gregoire,ABS019,21SWE00889,AB07CE0110,"GREGOIRE LAKE, PROFILE",56.45578,-111.15446,2021-06-18 08:48:00,1,0,1,122.0,N,,MAC,ATH,07CE,,,,,,,,,,,,8.7,,,,,,,
gregoire,ABS019,21SWE00890,AB07CE0110,"GREGOIRE LAKE, PROFILE",56.45578,-111.15446,2021-06-18 08:49:00,1,0,1,122.0,N,,MAC,ATH,07CE,,,,,,,,,,,,8.69,,,,,,,
gregoire,ABS019,21SWE00891,AB07CE0110,"GREGOIRE LAKE, PROFILE",56.45578,-111.15446,2021-06-18 08:50:00,1,0,1,122.0,N,,MAC,ATH,07CE,,,,,,,,,,,,8.67,,,,,,,
gregoire,ABS019,21SWE00892,AB07CE0110,"GREGOIRE LAKE, PROFILE",56.45578,-111.15446,2021-06-18 08:51:00,1,0,1,122.0,N,,MAC,ATH,07CE,,,,,,,,,,,,8.68,,,,,,,
gregoire,ABS019,21SWE00893,AB07CE0110,"GREGOIRE LAKE, PROFILE",56.45578,-111.15446,2021-06-18 08:52:00,1,0,1,122.0,N,,MAC,ATH,07CE,,,,,,,,,,,,8.68,,,,,,,
gregoire,ABS019,21SWE00894,AB07CE0110,"GREGOIRE LAKE, PROFILE",56.45578,-111.15446,2021-06-18 08:53:00,1,0,1,122.0,N,,MAC,ATH,07CE,,,,,,,,,,,,8.65,,,,,,,
gregoire,ABS019,21SWE00895,AB07CE0110,"GREGOIRE LAKE, PROFILE",56.45578,-111.15446,2021-06-18 08:54:00,1,0,1,122.0,N,,MAC,ATH,07CE,,,,,,,,,,,,8.65,,,,,,,
gregoire,ABS019,21SWE00896,AB07CE0110,"GREGOIRE LAKE, PROFILE",56.45578,-111.15446,2021-06-18 08:55:00,1,0,1,122.0,N,,MAC,ATH,07CE,,,,,,,,,,,,8.67,,,,,,,
gregoire,ABS019,21SWE00897,AB07CE0110,"GREGOIRE LAKE, PROFILE",56.45578,-111.15446,2021-06-18 08:56:00,1,0,1,122.0,N,,MAC,ATH,07CE,,,,,,,,,,,,8.67,,,,,,,
gregoire,ABS019,21SWE00898,AB07CE0110,"GREGOIRE LAKE, PROFILE",56.45578,-111.15446,2021-06-18 08:57:00,1,0,1,122.0,N,,MAC,ATH,07CE,,,,,,,,,,,,8.65,,,,,,,
gregoire,ABS019,21SWE00899,AB07CE0110,"GREGOIRE LAKE, PROFILE",56.45578,-111.15446,2021-06-18 08:58:00,1,0,1,122.0,N,,MAC,ATH,07CE,,,,,,,,,,,,8.68,,,,,,,
gregoire,ABS019,21SWE00900,AB07CE0110,"GREGOIRE LAKE, PROFILE",56.45578,-111.15446,2021-06-18 08:59:00,1,0,1,122.0,N,,MAC,ATH,07CE,,,,,,,,,,,,8.61,,,,,,,
gregoire,ABS019,21SWE00901,AB07CE0110,"GREGOIRE LAKE, PROFILE",56.45578,-111.15446,2021-06-18 09:00:00,1,0,1,122.0,N,,MAC,ATH,07CE,,,,,,,,,,,,8.63,,,,,,,
gregoire,ABS019,21SWE00902,AB07CE0110,"GREGOIRE LAKE, PROFILE",56.45578,-111.15446,2021-06-18 09:01:00,1,0,1,122.0,N,,MAC,ATH,07CE,,,,,,,,,,,,8.61,,,,,,,
gregoire,ABS019,21SWE00903,AB07CE0110,"GREGOIRE LAKE, PROFILE",56.45578,-111.15446,2021-06-18 09:02:00,1,0,1,122.0,N,,MAC,ATH,07CE,,,,,,,,,,,,8.6,,,,,,,
gregoire,ABS019,21SWE00904,AB07CE0110,"GREGOIRE LAKE, PROFILE",56.45578,-111.15446,2021-06-18 09:03:00,1,0,1,122.0,N,,MAC,ATH,07CE,,,,,,,,,,,,8.53,,,,,,,
gregoire,ABS019,21SWE00998,AB07CE0110,"GREGOIRE LAKE, PROFILE",56.45578,-111.15446,2021-07-09 14:38:00,1,0,1,122.0,N,,MAC,ATH,07CE,,,,,,,,,,,,9.78,,,,,,,
gregoire,ABS019,21SWE00999,AB07CE0110,"GREGOIRE LAKE, PROFILE",56.45578,-111.15446,2021-07-09 14:39:00,1,0,1,122.0,N,,MAC,ATH,07CE,,,,,,,,,,,,9.81,,,,,,,
gregoire,ABS019,21SWE01000,AB07CE0110,"GREGOIRE LAKE, PROFILE",56.45578,-111.15446,2021-07-09 14:40:00,1,0,1,122.0,N,,MAC,ATH,07CE,,,,,,,,,,,,10.07,,,,,,,
gregoire,ABS019,21SWE01001,AB07CE0110,"GREGOIRE LAKE, PROFILE",56.45578,-111.15446,2021-07-09 14:41:00,1,0,1,122.0,N,,MAC,ATH,07CE,,,,,,,,,,,,10.22,,,,,,,
gregoire,ABS019,21SWE01002,AB07CE0110,"GREGOIRE LAKE, PROFILE",56.45578,-111.15446,2021-07-09 14:42:00,1,0,1,122.0,N,,MAC,ATH,07CE,,,,,,,,,,,,9.96,,,,,,,
gregoire,ABS019,21SWE01003,AB07CE0110,"GREGOIRE LAKE, PROFILE",56.45578,-111.15446,2021-07-09 14:43:00,1,0,1,122.0,N,,MAC,ATH,07CE,,,,,,,,,,,,9.4,,,,,,,
gregoire,ABS019,21SWE01004,AB07CE0110,"GREGOIRE LAKE, PROFILE",56.45578,-111.15446,2021-07-09 14:44:00,1,0,1,122.0,N,,MAC,ATH,07CE,,,,,,,,,,,,9.16,,,,,,,
gregoire,ABS019,21SWE01005,AB07CE0110,"GREGOIRE LAKE, PROFILE",56.45578,-111.15446,2021-07-09 14:45:00,1,0,1,122.0,N,,MAC,ATH,07CE,,,,,,,,,,,,9.07,,,,,,,
gregoire,ABS019,21SWE01006,AB07CE0110,"GREGOIRE LAKE, PROFILE",56.45578,-111.15446,2021-07-09 14:46:00,1,0,1,122.0,N,,MAC,ATH,07CE,,,,,,,,,,,,8.82,,,,,,,
gregoire,ABS019,21SWE01007,AB07CE0110,"GREGOIRE LAKE, PROFILE",56.45578,-111.15446,2021-07-09 14:47:00,1,0,1,122.0,N,,MAC,ATH,07CE,,,,,,,,,,,,7.68,,,,,,,
gregoire,ABS019,21SWE01008,AB07CE0110,"GREGOIRE LAKE, PROFILE",56.45578,-111.15446,2021-07-09 14:48:00,1,0,1,122.0,N,,MAC,ATH,07CE,,,,,,,,,,,,6.65,,,,,,,
gregoire,ABS019,21SWE01009,AB07CE0110,"GREGOIRE LAKE, PROFILE",56.45578,-111.15446,2021-07-09 14:49:00,1,0,1,122.0,N,,MAC,ATH,07CE,,,,,,,,,,,,6.42,,,,,,,
gregoire,ABS019,21SWE01010,AB07CE0110,"GREGOIRE LAKE, PROFILE",56.45578,-111.15446,2021-07-09 14:50:00,1,0,1,122.0,N,,MAC,ATH,07CE,,,,,,,,,,,,6.11,,,,,,,
gregoire,ABS019,21SWE01011,AB07CE0110,"GREGOIRE LAKE, PROFILE",56.45578,-111.15446,2021-07-09 14:51:00,1,0,1,122.0,N,,MAC,ATH,07CE,,,,,,,,,,,,4.63,,,,,,,
gregoire,ABS019,21SWE01012,AB07CE0110,"GREGOIRE LAKE, PROFILE",56.45578,-111.15446,2021-07-09 14:52:00,1,0,1,122.0,N,,MAC,ATH,07CE,,,,,,,,,,,,3.82,,,,,,,
gregoire,ABS019,21SWE01013,AB07CE0110,"GREGOIRE LAKE, PROFILE",56.45578,-111.15446,2021-07-09 14:53:00,1,0,1,122.0,N,,MAC,ATH,07CE,,,,,,,,,,,,2.17,,,,,,,
gregoire,ABS019,21SWE01432,AB07CE0110,"GREGOIRE LAKE, PROFILE",56.45578,-111.15446,2021-08-20 14:30:00,1,0,1,122.0,N,,MAC,ATH,07CE,,,,,,,,,,,,8.28,,,,,,,
gregoire,ABS019,21SWE01433,AB07CE0110,"GREGOIRE LAKE, PROFILE",56.45578,-111.15446,2021-08-20 14:31:00,1,0,1,122.0,N,,MAC,ATH,07CE,,,,,,,,,,,,8.29,,,,,,,
gregoire,ABS019,21SWE01434,AB07CE0110,"GREGOIRE LAKE, PROFILE",56.45578,-111.15446,2021-08-20 14:32:00,1,0,1,122.0,N,,MAC,ATH,07CE,,,,,,,,,,,,8.29,,,,,,,
gregoire,ABS019,21SWE01435,AB07CE0110,"GREGOIRE LAKE, PROFILE",56.45578,-111.15446,2021-08-20 14:33:00,1,0,1,122.0,N,,MAC,ATH,07CE,,,,,,,,,,,,8.29,,,,,,,
gregoire,ABS019,21SWE01436,AB07CE0110,"GREGOIRE LAKE, PROFILE",56.45578,-111.15446,2021-08-20 14:34:00,1,0,1,122.0,N,,MAC,ATH,07CE,,,,,,,,,,,,8.31,,,,,,,
gregoire,ABS019,21SWE01437,AB07CE0110,"GREGOIRE LAKE, PROFILE",56.45578,-111.15446,2021-08-20 14:35:00,1,0,1,122.0,N,,MAC,ATH,07CE,,,,,,,,,,,,8.32,,,,,,,
gregoire,ABS019,21SWE01438,AB07CE0110,"GREGOIRE LAKE, PROFILE",56.45578,-111.15446,2021-08-20 14:36:00,1,0,1,122.0,N,,MAC,ATH,07CE,,,,,,,,,,,,8.29,,,,,,,
gregoire,ABS019,21SWE01439,AB07CE0110,"GREGOIRE LAKE, PROFILE",56.45578,-111.15446,2021-08-20 14:37:00,1,0,1,122.0,N,,MAC,ATH,07CE,,,,,,,,,,,,8.28,,,,,,,
gregoire,ABS019,21SWE01440,AB07CE0110,"GREGOIRE LAKE, PROFILE",56.45578,-111.15446,2021-08-20 14:38:00,1,0,1,122.0,N,,MAC,ATH,07CE,,,,,,,,,,,,8.26,,,,,,,
gregoire,ABS019,21SWE01441,AB07CE0110,"GREGOIRE LAKE, PROFILE",56.45578,-111.15446,2021-08-20 14:39:00,1,0,1,122.0,N,,MAC,ATH,07CE,,,,,,,,,,,,8.23,,,,,,,
gregoire,ABS019,21SWE01442,AB07CE0110,"GREGOIRE LAKE, PROFILE",56.45578,-111.15446,2021-08-20 14:40:00,1,0,1,122.0,N,,MAC,ATH,07CE,,,,,,,,,,,,8.13,,,,,,,
gregoire,ABS019,21SWE01443,AB07CE0110,"GREGOIRE LAKE, PROFILE",56.45578,-111.15446,2021-08-20 14:41:00,1,0,1,122.0,N,,MAC,ATH,07CE,,,,,,,,,,,,7.93,,,,,,,
gregoire,ABS019,21SWE01444,AB07CE0110,"GREGOIRE LAKE, PROFILE",56.45578,-111.15446,2021-08-20 14:42:00,1,0,1,122.0,N,,MAC,ATH,07CE,,,,,,,,,,,,7.69,,,,,,,
gregoire,ABS019,21SWE01445,AB07CE0110,"GREGOIRE LAKE, PROFILE",56.45578,-111.15446,2021-08-20 14:43:00,1,0,1,122.0,N,,MAC,ATH,07CE,,,,,,,,,,,,7.73,,,,,,,
gregoire,ABS019,21SWE01446,AB07CE0110,"GREGOIRE LAKE, PROFILE",56.45578,-111.15446,2021-08-20 14:44:00,1,0,1,122.0,N,,MAC,ATH,07CE,,,,,,,,,,,,7.62,,,,,,,
gregoire,ABS019,21SWE01447,AB07CE0110,"GREGOIRE LAKE, PROFILE",56.45578,-111.15446,2021-08-20 14:45:00,1,0,1,122.0,N,,MAC,ATH,07CE,,,,,,,,,,,,7.4,,,,,,,
gregoire,ABS019,21SWE01689,AB07CE0110,"GREGOIRE LAKE, PROFILE",56.45578,-111.15446,2021-09-17 13:45:00,1,0,1,122.0,N,,MAC,ATH,07CE,,,,,,,,,,,,9.55,,,,,,,
gregoire,ABS019,21SWE01690,AB07CE0110,"GREGOIRE LAKE, PROFILE",56.45578,-111.15446,2021-09-17 13:46:00,1,0,1,122.0,N,,MAC,ATH,07CE,,,,,,,,,,,,9.6,,,,,,,
gregoire,ABS019,21SWE01691,AB07CE0110,"GREGOIRE LAKE, PROFILE",56.45578,-111.15446,2021-09-17 13:47:00,1,0,1,122.0,N,,MAC,ATH,07CE,,,,,,,,,,,,9.57,,,,,,,
gregoire,ABS019,21SWE01692,AB07CE0110,"GREGOIRE LAKE, PROFILE",56.45578,-111.15446,2021-09-17 13:48:00,1,0,1,122.0,N,,MAC,ATH,07CE,,,,,,,,,,,,9.55,,,,,,,
gregoire,ABS019,21SWE01693,AB07CE0110,"GREGOIRE LAKE, PROFILE",56.45578,-111.15446,2021-09-17 13:49:00,1,0,1,122.0,N,,MAC,ATH,07CE,,,,,,,,,,,,9.6,,,,,,,
gregoire,ABS019,21SWE01694,AB07CE0110,"GREGOIRE LAKE, PROFILE",56.45578,-111.15446,2021-09-17 13:50:00,1,0,1,122.0,N,,MAC,ATH,07CE,,,,,,,,,,,,9.51,,,,,,,
gregoire,ABS019,21SWE01695,AB07CE0110,"GREGOIRE LAKE, PROFILE",56.45578,-111.15446,2021-09-17 13:51:00,1,0,1,122.0,N,,MAC,ATH,07CE,,,,,,,,,,,,9.52,,,,,,,
gregoire,ABS019,21SWE01696,AB07CE0110,"GREGOIRE LAKE, PROFILE",56.45578,-111.15446,2021-09-17 13:52:00,1,0,1,122.0,N,,MAC,ATH,07CE,,,,,,,,,,,,9.45,,,,,,,
gregoire,ABS019,21SWE01697,AB07CE0110,"GREGOIRE LAKE, PROFILE",56.45578,-111.15446,2021-09-17 13:53:00,1,0,1,122.0,N,,MAC,ATH,07CE,,,,,,,,,,,,9.46,,,,,,,
gregoire,ABS019,21SWE01698,AB07CE0110,"GREGOIRE LAKE, PROFILE",56.45578,-111.15446,2021-09-17 13:54:00,1,0,1,122.0,N,,MAC,ATH,07CE,,,,,,,,,,,,9.46,,,,,,,
gregoire,ABS019,21SWE01699,AB07CE0110,"GREGOIRE LAKE, PROFILE",56.45578,-111.15446,2021-09-17 13:55:00,1,0,1,122.0,N,,MAC,ATH,07CE,,,,,,,,,,,,9.39,,,,,,,
gregoire,ABS019,21SWE01700,AB07CE0110,"GREGOIRE LAKE, PROFILE",56.45578,-111.15446,2021-09-17 13:56:00,1,0,1,122.0,N,,MAC,ATH,07CE,,,,,,,,,,,,9.34,,,,,,,
gregoire,ABS019,21SWE01701,AB07CE0110,"GREGOIRE LAKE, PROFILE",56.45578,-111.15446,2021-09-17 13:57:00,1,0,1,122.0,N,,MAC,ATH,07CE,,,,,,,,,,,,9.33,,,,,,,
gregoire,ABS019,21SWE01702,AB07CE0110,"GREGOIRE LAKE, PROFILE",56.45578,-111.15446,2021-09-17 13:58:00,1,0,1,122.0,N,,MAC,ATH,07CE,,,,,,,,,,,,9.16,,,,,,,
gregoire,ABS019,21SWE01703,AB07CE0110,"GREGOIRE LAKE, PROFILE",56.45578,-111.15446,2021-09-17 13:59:00,1,0,1,122.0,N,,MAC,ATH,07CE,,,,,,,,,,,,9.07,,,,,,,
gregoire,ABS019,25SWE01095,AB07CE0110,"GREGOIRE LAKE, PROFILE",56.45578,-111.15446,2025-06-12 08:30:00,1,0,1,122.0,N,,MAC,ATH,07CE,,,,,,,,,,,,9.63,,,,,,,
gregoire,ABS019,25SWE01096,AB07CE0110,"GREGOIRE LAKE, PROFILE",56.45578,-111.15446,2025-06-12 08:31:00,1,0,1,122.0,N,,MAC,ATH,07CE,,,,,,,,,,,,9.64,,,,,,,
gregoire,ABS019,25SWE01097,AB07CE0110,"GREGOIRE LAKE, PROFILE",56.45578,-111.15446,2025-06-12 08:32:00,1,0,1,122.0,N,,MAC,ATH,07CE,,,,,,,,,,,,9.65,,,,,,,
gregoire,ABS019,25SWE01098,AB07CE0110,"GREGOIRE LAKE, PROFILE",56.45578,-111.15446,2025-06-12 08:33:00,1,0,1,122.0,N,,MAC,ATH,07CE,,,,,,,,,,,,9.61,,,,,,,
gregoire,ABS019,25SWE01099,AB07CE0110,"GREGOIRE LAKE, PROFILE",56.45578,-111.15446,2025-06-12 08:34:00,1,0,1,122.0,N,,MAC,ATH,07CE,,,,,,,,,,,,9.55,,,,,,,
gregoire,ABS019,25SWE01100,AB07CE0110,"GREGOIRE LAKE, PROFILE",56.45578,-111.15446,2025-06-12 08:35:00,1,0,1,122.0,N,,MAC,ATH,07CE,,,,,,,,,,,,9.52,,,,,,,
gregoire,ABS019,25SWE01101,AB07CE0110,"GREGOIRE LAKE, PROFILE",56.45578,-111.15446,2025-06-12 08:36:00,1,0,1,122.0,N,,MAC,ATH,07CE,,,,,,,,,,,,9.5,,,,,,,
gregoire,ABS019,25SWE01102,AB07CE0110,"GREGOIRE LAKE, PROFILE",56.45578,-111.15446,2025-06-12 08:37:00,1,0,1,122.0,N,,MAC,ATH,07CE,,,,,,,,,,,,9.49,,,,,,,
gregoire,ABS019,25SWE01103,AB07CE0110,"GREGOIRE LAKE, PROFILE",56.45578,-111.15446,2025-06-12 08:38:00,1,0,1,122.0,N,,MAC,ATH,07CE,,,,,,,,,,,,9.48,,,,,,,
gregoire,ABS019,25SWE01104,AB07CE0110,"GREGOIRE LAKE, PROFILE",56.45578,-111.15446,2025-06-12 08:39:00,1,0,1,122.0,N,,MAC,ATH,07CE,,,,,,,,,,,,9.47,,,,,,,
gregoire,ABS019,25SWE01105,AB07CE0110,"GREGOIRE LAKE, PROFILE",56.45578,-111.15446,2025-06-12 08:40:00,1,0,1,122.0,N,,MAC,ATH,07CE,,,,,,,,,,,,9.46,,,,,,,
gregoire,ABS019,25SWE01106,AB07CE0110,"GREGOIRE LAKE, PROFILE",56.45578,-111.15446,2025-06-12 08:41:00,1,0,1,122.0,N,,MAC,ATH,07CE,,,,,,,,,,,,9.47,,,,,,,
gregoire,ABS019,25SWE01107,AB07CE0110,"GREGOIRE LAKE, PROFILE",56.45578,-111.15446,2025-06-12 08:42:00,1,0,1,122.0,N,,MAC,ATH,07CE,,,,,,,,,,,,9.47,,,,,,,
gregoire,ABS019,25SWE01108,AB07CE0110,"GREGOIRE LAKE, PROFILE",56.45578,-111.15446,2025-06-12 08:43:00,1,0,1,122.0,N,,MAC,ATH,07CE,,,,,,,,,,,,9.47,,,,,,,
gregoire,ABS019,25SWE01320,AB07CE0110,"GREGOIRE LAKE, PROFILE",56.45578,-111.15446,2025-07-14 08:40:00,1,0,1,122.0,N,,MAC,ATH,07CE,,,,,,,,,,,,8.9,,,,,,,
gregoire,ABS019,25SWE01321,AB07CE0110,"GREGOIRE LAKE, PROFILE",56.45578,-111.15446,2025-07-14 08:41:00,1,0,1,122.0,N,,MAC,ATH,07CE,,,,,,,,,,,,8.91,,,,,,,
gregoire,ABS019,25SWE01322,AB07CE0110,"GREGOIRE LAKE, PROFILE",56.45578,-111.15446,2025-07-14 08:42:00,1,0,1,122.0,N,,MAC,ATH,07CE,,,,,,,,,,,,8.9,,,,,,,
gregoire,ABS019,25SWE01323,AB07CE0110,"GREGOIRE LAKE, PROFILE",56.45578,-111.15446,2025-07-14 08:43:00,1,0,1,122.0,N,,MAC,ATH,07CE,,,,,,,,,,,,8.87,,,,,,,
gregoire,ABS019,25SWE01324,AB07CE0110,"GREGOIRE LAKE, PROFILE",56.45578,-111.15446,2025-07-14 08:44:00,1,0,1,122.0,N,,MAC,ATH,07CE,,,,,,,,,,,,8.88,,,,,,,
gregoire,ABS019,25SWE01325,AB07CE0110,"GREGOIRE LAKE, PROFILE",56.45578,-111.15446,2025-07-14 08:45:00,1,0,1,122.0,N,,MAC,ATH,07CE,,,,,,,,,,,,8.88,,,,,,,
gregoire,ABS019,25SWE01326,AB07CE0110,"GREGOIRE LAKE, PROFILE",56.45578,-111.15446,2025-07-14 08:46:00,1,0,1,122.0,N,,MAC,ATH,07CE,,,,,,,,,,,,8.89,,,,,,,
gregoire,ABS019,25SWE01327,AB07CE0110,"GREGOIRE LAKE, PROFILE",56.45578,-111.15446,2025-07-14 08:47:00,1,0,1,122.0,N,,MAC,ATH,07CE,,,,,,,,,,,,8.88,,,,,,,
gregoire,ABS019,25SWE01328,AB07CE0110,"GREGOIRE LAKE, PROFILE",56.45578,-111.15446,2025-07-14 08:48:00,1,0,1,122.0,N,,MAC,ATH,07CE,,,,,,,,,,,,8.89,,,,,,,
gregoire,ABS019,25SWE01329,AB07CE0110,"GREGOIRE LAKE, PROFILE",56.45578,-111.15446,2025-07-14 08:49:00,1,0,1,122.0,N,,MAC,ATH,07CE,,,,,,,,,,,,8.89,,,,,,,
gregoire,ABS019,25SWE01330,AB07CE0110,"GREGOIRE LAKE, PROFILE",56.45578,-111.15446,2025-07-14 08:50:00,1,0,1,122.0,N,,MAC,ATH,07CE,,,,,,,,,,,,8.89,,,,,,,
gregoire,ABS019,25SWE01331,AB07CE0110,"GREGOIRE LAKE, PROFILE",56.45578,-111.15446,2025-07-14 08:51:00,1,0,1,122.0,N,,MAC,ATH,07CE,,,,,,,,,,,,8.9,,,,,,,
gregoire,ABS019,25SWE01332,AB07CE0110,"GREGOIRE LAKE, PROFILE",56.45578,-111.15446,2025-07-14 08:52:00,1,0,1,122.0,N,,MAC,ATH,07CE,,,,,,,,,,,,8.86,,,,,,,
gregoire,ABS019,25SWE01333,AB07CE0110,"GREGOIRE LAKE, PROFILE",56.45578,-111.15446,2025-07-14 08:53:00,1,0,1,122.0,N,,MAC,ATH,07CE,,,,,,,,,,,,8.84,,,,,,,
gregoire,ABS019,25SWE01334,AB07CE0110,"GREGOIRE LAKE, PROFILE",56.45578,-111.15446,2025-07-14 08:54:00,1,0,1,122.0,N,,MAC,ATH,07CE,,,,,,,,,,,,8.8,,,,,,,
gregoire,ABS019,25SWE01562,AB07CE0110,"GREGOIRE LAKE, PROFILE",56.45578,-111.15446,2025-08-20 08:30:00,1,0,1,122.0,N,,MAC,ATH,07CE,,,,,,,,,,,,9.88,,,,,,,
gregoire,ABS019,25SWE01564,AB07CE0110,"GREGOIRE LAKE, PROFILE",56.45578,-111.15446,2025-08-20 08:32:00,1,0,1,122.0,N,,MAC,ATH,07CE,,,,,,,,,,,,9.9,,,,,,,
gregoire,ABS019,25SWE01565,AB07CE0110,"GREGOIRE LAKE, PROFILE",56.45578,-111.15446,2025-08-20 08:33:00,1,0,1,122.0,N,,MAC,ATH,07CE,,,,,,,,,,,,9.89,,,,,,,
gregoire,ABS019,25SWE01566,AB07CE0110,"GREGOIRE LAKE, PROFILE",56.45578,-111.15446,2025-08-20 08:34:00,1,0,1,122.0,N,,MAC,ATH,07CE,,,,,,,,,,,,9.89,,,,,,,
gregoire,ABS019,25SWE01567,AB07CE0110,"GREGOIRE LAKE, PROFILE",56.45578,-111.15446,2025-08-20 08:35:00,1,0,1,122.0,N,,MAC,ATH,07CE,,,,,,,,,,,,9.42,,,,,,,
gregoire,ABS019,25SWE01568,AB07CE0110,"GREGOIRE LAKE, PROFILE",56.45578,-111.15446,2025-08-20 08:36:00,1,0,1,122.0,N,,MAC,ATH,07CE,,,,,,,,,,,,8.79,,,,,,,
gregoire,ABS019,25SWE01569,AB07CE0110,"GREGOIRE LAKE, PROFILE",56.45578,-111.15446,2025-08-20 08:37:00,1,0,1,122.0,N,,MAC,ATH,07CE,,,,,,,,,,,,8.36,,,,,,,
gregoire,ABS019,25SWE01570,AB07CE0110,"GREGOIRE LAKE, PROFILE",56.45578,-111.15446,2025-08-20 08:38:00,1,0,1,122.0,N,,MAC,ATH,07CE,,,,,,,,,,,,8.1,,,,,,,
gregoire,ABS019,25SWE01571,AB07CE0110,"GREGOIRE LAKE, PROFILE",56.45578,-111.15446,2025-08-20 08:39:00,1,0,1,122.0,N,,MAC,ATH,07CE,,,,,,,,,,,,7.79,,,,,,,
gregoire,ABS019,25SWE01572,AB07CE0110,"GREGOIRE LAKE, PROFILE",56.45578,-111.15446,2025-08-20 08:40:00,1,0,1,122.0,N,,MAC,ATH,07CE,,,,,,,,,,,,7.56,,,,,,,
gregoire,ABS019,25SWE01573,AB07CE0110,"GREGOIRE LAKE, PROFILE",56.45578,-111.15446,2025-08-20 08:41:00,1,0,1,122.0,N,,MAC,ATH,07CE,,,,,,,,,,,,7.57,,,,,,,
gregoire,ABS019,25SWE01574,AB07CE0110,"GREGOIRE LAKE, PROFILE",56.45578,-111.15446,2025-08-20 08:42:00,1,0,1,122.0,N,,MAC,ATH,07CE,,,,,,,,,,,,7.26,,,,,,,
gregoire,ABS019,25SWE01575,AB07CE0110,"GREGOIRE LAKE, PROFILE",56.45578,-111.15446,2025-08-20 08:43:00,1,0,1,122.0,N,,MAC,ATH,07CE,,,,,,,,,,,,6.69,,,,,,,
gregoire,ABS019,25SWE01576,AB07CE0110,"GREGOIRE LAKE, PROFILE",56.45578,-111.15446,2025-08-20 08:44:00,1,0,1,122.0,N,,MAC,ATH,07CE,,,,,,,,,,,,6.29,,,,,,,
gregoire,ABS019,25SWE01563,AB07CE0110,"GREGOIRE LAKE, PROFILE",56.45578,-111.15446,2025-08-20 09:00:00,1,0,1,16.0,N,surface grab - metals,MAC,ATH,07CE,10.6,,,,0.53,0.012,,0.86,,,,9.9,,,,,,,0.146
gregoire,ABS019,25SWE03906,AB07CE0110,"GREGOIRE LAKE, PROFILE",56.45578,-111.15446,2025-10-06 12:10:00,1,0,1,122.0,N,,MAC,ATH,07CE,,,,,,,,,,,,10.46,,,,,,,
gregoire,ABS019,25SWE03907,AB07CE0110,"GREGOIRE LAKE, PROFILE",56.45578,-111.15446,2025-10-06 12:11:00,1,0,1,122.0,N,,MAC,ATH,07CE,,,,,,,,,,,,10.38,,,,,,,
gregoire,ABS019,25SWE03908,AB07CE0110,"GREGOIRE LAKE, PROFILE",56.45578,-111.15446,2025-10-06 12:12:00,1,0,1,122.0,N,,MAC,ATH,07CE,,,,,,,,,,,,10.36,,,,,,,
gregoire,ABS019,25SWE03909,AB07CE0110,"GREGOIRE LAKE, PROFILE",56.45578,-111.15446,2025-10-06 12:13:00,1,0,1,122.0,N,,MAC,ATH,07CE,,,,,,,,,,,,10.37,,,,,,,
gregoire,ABS019,25SWE03910,AB07CE0110,"GREGOIRE LAKE, PROFILE",56.45578,-111.15446,2025-10-06 12:14:00,1,0,1,122.0,N,,MAC,ATH,07CE,,,,,,,,,,,,10.38,,,,,,,
gregoire,ABS019,25SWE03911,AB07CE0110,"GREGOIRE LAKE, PROFILE",56.45578,-111.15446,2025-10-06 12:15:00,1,0,1,122.0,N,,MAC,ATH,07CE,,,,,,,,,,,,10.37,,,,,,,
gregoire,ABS019,25SWE03912,AB07CE0110,"GREGOIRE LAKE, PROFILE",56.45578,-111.15446,2025-10-06 12:16:00,1,0,1,122.0,N,,MAC,ATH,07CE,,,,,,,,,,,,10.37,,,,,,,
gregoire,ABS019,25SWE03913,AB07CE0110,"GREGOIRE LAKE, PROFILE",56.45578,-111.15446,2025-10-06 12:17:00,1,0,1,122.0,N,,MAC,ATH,07CE,,,,,,,,,,,,10.35,,,,,,,
gregoire,ABS019,25SWE03914,AB07CE0110,"GREGOIRE LAKE, PROFILE",56.45578,-111.15446,2025-10-06 12:18:00,1,0,1,122.0,N,,MAC,ATH,07CE,,,,,,,,,,,,10.36,,,,,,,
gregoire,ABS019,25SWE03915,AB07CE0110,"GREGOIRE LAKE, PROFILE",56.45578,-111.15446,2025-10-06 12:19:00,1,0,1,122.0,N,,MAC,ATH,07CE,,,,,,,,,,,,10.34,,,,,,,
gregoire,ABS019,25SWE03916,AB07CE0110,"GREGOIRE LAKE, PROFILE",56.45578,-111.15446,2025-10-06 12:20:00,1,0,1,122.0,N,,MAC,ATH,07CE,,,,,,,,,,,,10.32,,,,,,,
gregoire,ABS019,25SWE03917,AB07CE0110,"GREGOIRE LAKE, PROFILE",56.45578,-111.15446,2025-10-06 12:21:00,1,0,1,122.0,N,,MAC,ATH,07CE,,,,,,,,,,,,10.3,,,,,,,
gregoire,ABS019,25SWE03918,AB07CE0110,"GREGOIRE LAKE, PROFILE",56.45578,-111.15446,2025-10-06 12:22:00,1,0,1,122.0,N,,MAC,ATH,07CE,,,,,,,,,,,,10.28,,,,,,,
gregoire,ABS019,25SWE03919,AB07CE0110,"GREGOIRE LAKE, PROFILE",56.45578,-111.15446,2025-10-06 12:23:00,1,0,1,122.0,N,,MAC,ATH,07CE,,,,,,,,,,,,10.27,,,,,,,
gregoire,ABS019,25SWE03920,AB07CE0110,"GREGOIRE LAKE, PROFILE",56.45578,-111.15446,2025-10-06 12:24:00,1,0,1,122.0,N,,MAC,ATH,07CE,,,,,,,,,,,,10.26,,,,,,,
